Name,Tm,W,L,ERA,G,GS,SV,IP,H,R,ER,HR,BB,SO,FIP,WHIP,H9,BB,SO9,DateTime
Matt Albers,MIL,2,1,4.76,10,0,0,11.1,11,6,6,3,2,12,4.99,1.147,8.7,2,9.5,2019-05-04 10:49:57
Sandy Alcantara,MIA,1,2,4.5,5,5,0,28.0,30,15,14,1,12,21,3.38,1.5,9.6,12,6.8,2019-05-04 10:49:57
Victor Alcantara,DET,2,0,3.27,13,0,0,11.0,10,4,4,3,3,5,6.86,1.182,8.2,3,4.1,2019-05-04 10:49:57
Scott Alexander,LAD,1,1,3.48,15,0,0,10.1,10,4,4,1,3,8,4.0,1.258,8.7,3,7.0,2019-05-04 10:49:57
Cody Allen,LAA,0,2,6.0,11,0,4,9.0,7,6,6,3,10,11,8.36,1.889,7.0,10,11.0,2019-05-04 10:49:57
Jose Alvarado,TBR,0,2,1.5,13,0,4,12.0,8,2,2,0,7,19,1.72,1.25,6.0,7,14.3,2019-05-04 10:49:57
Jose Alvarez,PHI,0,1,7.2,11,0,1,10.0,17,10,8,3,1,6,6.43,1.8,15.3,1,5.4,2019-05-04 10:49:57
Brett Anderson,OAK,3,2,4.35,6,6,0,31.0,34,16,15,1,12,18,3.75,1.484,9.9,12,5.2,2019-05-04 10:49:57
Chase Anderson,MIL,2,0,3.2,7,2,0,19.2,16,7,7,3,9,22,4.25,1.271,7.3,9,10.1,2019-05-04 10:49:57
Justin Anderson,LAA,2,0,3.12,8,0,0,8.2,6,3,3,0,4,9,2.44,1.1540000000000001,6.2,4,9.3,2019-05-04 10:49:57
Tyler Anderson,COL,0,2,12.0,3,3,0,12.0,22,16,16,3,6,9,6.38,2.333,16.5,6,6.8,2019-05-04 10:49:57
Matt Andriese,ARI,3,1,3.24,9,0,1,16.2,12,6,6,3,8,18,5.11,1.2,6.5,8,9.7,2019-05-04 10:49:57
Victor Arano,PHI,1,0,3.86,3,0,0,4.2,2,2,2,1,2,7,4.2,0.857,3.9,2,13.5,2019-05-04 10:49:57
Chris Archer,PIT,1,2,4.33,5,5,0,27.0,23,13,13,5,12,29,4.84,1.296,7.7,12,9.7,2019-05-04 10:49:57
Shawn Armstrong,SEA,0,1,14.73,4,0,0,3.2,8,6,6,1,3,3,8.31,3.0,19.6,3,7.4,2019-05-04 10:49:57
Jake Arrieta,PHI,4,2,3.46,6,6,0,39.0,35,16,15,4,15,30,4.24,1.2819999999999998,8.1,15,6.9,2019-05-04 10:49:57
Luis Avilan,NYM,1,0,9.9,10,0,0,10.0,16,11,11,2,5,10,5.53,2.1,14.4,5,9.0,2019-05-04 10:49:57
Pedro Baez,LAD,2,1,3.94,14,0,0,16.0,10,10,7,1,3,16,2.88,0.813,5.6,3,9.0,2019-05-04 10:49:57
Homer Bailey,KCR,2,2,5.63,5,5,0,24.0,21,15,15,3,11,27,3.88,1.3330000000000002,7.9,11,10.1,2019-05-04 10:49:57
Manny Banuelos,CHW,1,0,2.51,5,1,0,14.1,12,4,4,1,8,13,3.9,1.395,7.5,8,8.2,2019-05-04 10:49:57
Luke Bard,LAA,0,1,3.38,7,0,0,10.2,9,5,4,3,3,12,5.66,1.125,7.6,3,10.1,2019-05-04 10:49:57
Scott Barlow,KCR,1,0,2.31,8,0,1,11.2,10,3,3,2,7,15,5.1,1.4569999999999999,7.7,7,11.6,2019-05-04 10:49:57
Jacob Barnes,MIL,1,0,5.73,11,0,0,11.0,10,8,7,1,5,13,3.31,1.364,8.2,5,10.6,2019-05-04 10:49:57
Matt Barnes,BOS,2,0,2.38,11,0,1,11.1,7,3,3,2,3,23,2.43,0.882,5.6,3,18.3,2019-05-04 10:49:57
Jaime Barria,LAA,2,2,8.16,4,1,0,14.1,24,13,13,1,3,10,3.48,1.8840000000000001,15.1,3,6.3,2019-05-04 10:49:57
Trevor Bauer,CLE,3,1,1.99,6,6,0,40.2,23,9,9,3,19,45,3.43,1.033,5.1,19,10.0,2019-05-04 10:49:57
Cam Bedrosian,LAA,1,1,3.21,13,2,0,14.0,9,6,5,0,9,18,2.92,1.286,5.8,9,11.6,2019-05-04 10:49:57
Jalen Beeks,TBR,1,0,3.32,8,0,1,19.0,20,7,7,1,8,20,3.13,1.474,9.5,8,9.5,2019-05-04 10:49:57
Travis Bergen,SFG,2,0,5.4,10,0,0,8.1,8,5,5,2,4,8,5.77,1.44,8.6,4,8.6,2019-05-04 10:49:57
Jose Berrios,MIN,4,1,2.97,6,6,0,39.1,30,13,13,6,8,41,3.79,0.966,6.9,8,9.4,2019-05-04 10:49:57
Chad Bettis,COL,1,2,7.5,6,3,0,18.0,24,16,15,3,8,11,5.58,1.778,12.0,8,5.5,2019-05-04 10:49:57
Joe Biagini,TOR,1,1,3.75,13,0,1,12.0,9,5,5,3,3,12,5.13,1.0,6.8,3,9.0,2019-05-04 10:49:57
Jesse Biddle,ATL,0,1,3.18,14,0,0,11.1,14,8,4,1,9,11,4.72,2.029,11.1,9,8.7,2019-05-04 10:49:57
Shane Bieber,CLE,2,1,3.68,6,5,0,29.1,19,14,12,4,11,34,3.92,1.023,5.8,11,10.4,2019-05-04 10:49:57
Brad Boxberger,KCR,0,3,8.71,11,0,1,10.1,14,10,10,3,8,13,6.71,2.129,12.2,8,11.3,2019-05-04 10:49:57
Matthew Boyd,DET,2,1,3.16,5,5,0,31.1,23,12,11,2,9,39,2.43,1.021,6.6,9,11.2,2019-05-04 10:49:57
Brad Brach,CHC,2,0,3.38,10,0,0,10.2,7,4,4,0,11,12,3.98,1.6880000000000002,5.9,11,10.1,2019-05-04 10:49:57
Archie Bradley,ARI,1,2,1.64,10,0,0,11.0,12,3,2,2,6,13,5.04,1.636,9.8,6,10.6,2019-05-04 10:49:57
Steven Brault,PIT,0,1,10.8,3,0,0,6.2,9,8,8,2,4,8,6.88,1.95,12.2,4,10.8,2019-05-04 10:49:57
John Brebbia,STL,1,0,0.6,12,0,0,15.0,5,1,1,1,5,18,2.8,0.667,3.0,5,10.8,2019-05-04 10:49:57
Brandon Brennan,SEA,1,1,1.13,13,0,0,16.0,9,3,2,1,6,16,3.07,0.938,5.1,6,9.0,2019-05-04 10:49:57
Colten Brewer,BOS,0,2,7.2,12,0,0,10.0,12,8,8,0,7,11,3.03,1.9,10.8,7,9.9,2019-05-04 10:49:57
Zack Britton,NYY,1,0,2.45,12,0,1,11.0,9,3,3,0,7,11,3.04,1.455,7.4,7,9.0,2019-05-04 10:49:57
Aaron Brooks,OAK,2,2,5.33,5,5,0,27.0,26,16,16,6,7,23,5.1,1.222,8.7,7,7.7,2019-05-04 10:49:57
Clay Buchholz,TOR,0,1,4.6,3,3,0,15.2,18,8,8,2,3,8,4.35,1.34,10.3,3,4.6,2019-05-04 10:49:57
Ryan Buchter,OAK,0,1,7.04,13,0,0,7.2,12,7,6,1,7,12,4.83,2.478,14.1,7,14.1,2019-05-04 10:49:57
Walker Buehler,LAD,2,0,5.25,5,5,0,24.0,20,15,14,2,8,18,3.84,1.167,7.5,8,6.8,2019-05-04 10:49:57
Madison Bumgarner,SFG,1,4,4.3,6,6,0,37.2,37,23,18,5,5,35,3.56,1.115,8.8,5,8.4,2019-05-04 10:49:57
Dylan Bundy,BAL,0,3,6.56,5,5,0,23.1,25,19,17,7,10,26,6.35,1.5,9.6,10,10.0,2019-05-04 10:49:57
Nick Burdi,PIT,2,1,9.35,11,0,0,8.2,11,9,9,1,3,17,1.75,1.615,11.4,3,17.7,2019-05-04 10:49:57
Corbin Burnes,MIL,0,2,10.7,4,4,0,17.2,30,21,21,11,8,24,9.87,2.151,15.3,8,12.2,2019-05-04 10:49:57
Ryan Burr,CHW,1,0,5.68,10,0,0,12.2,11,10,8,3,4,10,5.58,1.1840000000000002,7.8,4,7.1,2019-05-04 10:49:57
Ty Buttrey,LAA,1,1,0.75,12,0,0,12.0,11,1,1,0,3,16,1.22,1.167,8.3,3,12.0,2019-05-04 10:49:57
Trevor Cahill,LAA,1,2,5.93,6,6,0,30.1,31,20,20,9,10,25,6.63,1.3519999999999999,9.2,10,7.4,2019-05-04 10:49:57
Carlos Carrasco,CLE,2,2,6.0,5,5,0,21.0,27,14,14,3,5,33,2.7,1.524,11.6,5,14.1,2019-05-04 10:49:57
Andrew Cashner,BAL,4,1,4.18,6,6,0,32.1,32,16,15,5,13,20,5.11,1.392,8.9,13,5.6,2019-05-04 10:49:57
Diego Castillo,TBR,0,2,2.7,13,0,2,13.1,10,5,4,3,5,15,4.93,1.125,6.8,5,10.1,2019-05-04 10:49:57
Luis Castillo,CIN,3,1,1.23,6,6,0,36.2,21,5,5,1,14,43,2.53,0.955,5.2,14,10.6,2019-05-04 10:49:57
Miguel Castro,BAL,0,1,10.22,11,0,1,12.1,19,14,14,3,7,11,6.21,2.108,13.9,7,8.0,2019-05-04 10:49:57
Jhoulys Chacin,MIL,2,3,6.35,6,6,0,28.1,25,20,20,7,15,25,6.17,1.412,7.9,15,7.9,2019-05-04 10:49:57
Andrew Chafin,ARI,0,1,2.89,12,0,0,9.1,9,3,3,1,5,10,4.31,1.5,8.7,5,9.6,2019-05-04 10:49:57
Aroldis Chapman,NYY,0,1,2.38,12,0,5,11.1,9,3,3,0,3,16,1.37,1.0590000000000002,7.1,3,12.7,2019-05-04 10:49:57
Wei-Yin Chen,MIA,0,1,13.03,7,0,0,9.2,18,14,14,5,6,11,10.06,2.483,16.8,6,10.2,2019-05-04 10:49:57
Yonny Chirinos,TBR,3,0,3.55,5,3,0,25.1,18,10,10,5,5,22,4.55,0.9079999999999999,6.4,5,7.8,2019-05-04 10:49:57
Adam Cimber,CLE,2,2,4.63,14,0,0,11.2,5,7,6,1,3,11,3.13,0.6859999999999999,3.9,3,8.5,2019-05-04 10:49:57
Steve Cishek,CHC,0,1,5.59,11,0,0,9.2,10,6,6,1,4,11,3.44,1.4480000000000002,9.3,4,10.2,2019-05-04 10:49:57
Alex Claudio,MIL,0,1,4.73,15,0,0,13.1,8,7,7,1,6,8,4.26,1.05,5.4,6,5.4,2019-05-04 10:49:57
Alex Cobb,BAL,0,2,10.95,3,3,0,12.1,21,16,15,9,2,8,11.81,1.865,15.3,2,5.8,2019-05-04 10:49:57
Gerrit Cole,HOU,1,4,4.71,6,6,0,36.1,29,23,19,6,12,54,3.3,1.128,7.2,12,13.4,2019-05-04 10:49:57
Alex Colome,CHW,1,0,2.53,11,0,4,10.2,6,3,3,2,3,8,4.91,0.8440000000000001,5.1,3,6.8,2019-05-04 10:49:57
Adam Conley,MIA,0,3,8.38,13,0,1,9.2,16,9,9,1,4,10,3.96,2.069,14.9,4,9.3,2019-05-04 10:49:57
Patrick Corbin,WSN,2,0,2.48,5,5,0,32.2,24,10,9,5,6,39,3.38,0.9179999999999999,6.6,6,10.7,2019-05-04 10:49:57
Dylan Covey,CHW,0,1,6.75,2,0,0,1.1,2,2,1,0,2,0,7.63,3.0,13.5,2,0.0,2019-05-04 10:49:57
Kyle Crick,PIT,0,1,6.0,7,0,0,6.0,4,4,4,0,2,7,1.8,1.0,6.0,2,10.5,2019-05-04 10:49:57
Yu Darvish,CHC,2,3,5.02,6,6,0,28.2,23,17,16,7,22,33,6.62,1.57,7.2,22,10.4,2019-05-04 10:49:57
Zach Davies,MIL,2,0,1.65,5,5,0,27.1,27,7,5,2,10,19,3.9,1.354,8.9,10,6.3,2019-05-04 10:49:57
Wade Davis,COL,1,0,0.9,12,0,4,10.0,7,1,1,0,7,12,2.83,1.4,6.3,7,10.8,2019-05-04 10:49:57
Jacob deGrom,NYM,2,3,4.85,5,5,0,26.0,26,14,14,5,10,43,3.71,1.385,9.0,10,14.9,2019-05-04 10:49:57
Anthony DeSclafani,CIN,1,1,4.26,5,5,0,25.1,21,12,12,5,11,28,5.03,1.263,7.5,11,9.9,2019-05-04 10:49:57
Jake Diekman,KCR,0,1,3.86,14,0,0,11.2,6,5,5,0,6,13,3.48,1.0290000000000001,4.6,6,10.0,2019-05-04 10:49:57
Seranthony Dominguez,PHI,1,0,5.23,12,0,0,10.1,12,7,6,1,4,13,3.33,1.548,10.5,4,11.3,2019-05-04 10:49:57
Sean Doolittle,WSN,3,1,1.35,13,0,3,13.1,12,2,2,1,3,17,2.23,1.125,8.1,3,11.5,2019-05-04 10:49:57
Kyle Dowdy,TEX,1,1,5.27,6,1,0,13.2,12,9,8,2,11,11,5.84,1.683,7.9,11,7.2,2019-05-04 10:49:57
Danny Duffy,KCR,0,1,5.4,1,1,0,5.0,5,3,3,1,3,1,7.13,1.6,9.0,3,1.8,2019-05-04 10:49:57
Zach Duke,CIN,1,1,11.25,14,0,0,8.0,11,10,10,2,6,4,8.38,2.125,12.4,6,4.5,2019-05-04 10:49:57
Carl Edwards Jr.,CHC,0,1,32.4,4,0,0,1.2,3,6,6,2,5,2,25.33,4.8,16.2,5,10.8,2019-05-04 10:49:57
Jon Edwards,CLE,2,0,1.8,6,0,0,5.0,4,1,1,1,5,3,8.73,1.8,7.2,5,5.4,2019-05-04 10:49:57
Zach Eflin,PHI,2,3,4.15,5,5,0,26.0,30,14,12,6,5,23,4.94,1.3459999999999999,10.4,5,8.0,2019-05-04 10:49:57
Jerad Eickhoff,PHI,1,1,2.12,3,2,1,17.0,12,4,4,0,5,20,1.66,1.0,6.4,5,10.6,2019-05-04 10:49:57
Roenis Elias,SEA,2,0,2.16,14,0,4,16.2,12,7,4,0,6,14,2.53,1.08,6.5,6,7.6,2019-05-04 10:49:57
Marco Estrada,OAK,0,2,6.85,5,5,0,23.2,23,19,18,7,8,11,7.44,1.31,8.7,8,4.2,2019-05-04 10:49:57
Jeurys Familia,NYM,2,0,6.17,12,0,0,11.2,12,9,8,2,10,12,6.13,1.886,9.3,10,9.3,2019-05-04 10:49:57
Buck Farmer,DET,1,1,2.0,11,0,0,9.0,6,2,2,0,4,11,2.02,1.111,6.0,4,11.0,2019-05-04 10:49:57
Caleb Ferguson,LAD,0,1,3.46,13,1,0,13.0,14,5,5,3,8,14,6.29,1.692,9.7,8,9.7,2019-05-04 10:49:57
Mike Fiers,OAK,2,2,7.03,7,7,0,32.0,39,25,25,7,10,25,5.54,1.531,11.0,10,7.0,2019-05-04 10:49:57
Heath Fillmyer,KCR,0,1,9.0,4,3,0,15.0,21,15,15,5,5,7,7.93,1.733,12.6,5,4.2,2019-05-04 10:49:57
Jack Flaherty,STL,2,1,5.25,5,5,0,24.0,28,14,14,7,5,32,5.01,1.375,10.5,5,12.0,2019-05-04 10:49:57
Chris Flexen,NYM,0,1,10.38,1,1,0,4.1,7,6,5,0,4,0,5.9,2.5380000000000003,14.5,4,0.0,2019-05-04 10:49:57
Wilmer Font,TBR,1,0,6.55,9,0,0,11.0,11,8,8,2,4,16,3.68,1.364,9.0,4,13.1,2019-05-04 10:49:57
Kyle Freeland,COL,2,3,4.23,5,5,0,27.2,23,14,13,3,10,30,3.68,1.193,7.5,10,9.8,2019-05-04 10:49:57
Max Fried,ATL,3,1,2.3,7,5,0,31.1,27,9,8,3,7,26,3.48,1.085,7.8,7,7.5,2019-05-04 10:49:57
Jace Fry,CHW,1,0,6.75,12,0,0,9.1,8,8,7,1,6,11,4.1,1.5,7.7,6,10.6,2019-05-04 10:49:57
Paul Fry,BAL,0,1,4.05,11,0,1,13.1,9,6,6,2,5,11,4.78,1.05,6.1,5,7.4,2019-05-04 10:49:57
Carson Fulmer,CHW,0,1,5.19,5,0,0,8.2,8,5,5,1,4,11,4.52,1.385,8.3,4,11.4,2019-05-04 10:49:57
Giovanny Gallegos,STL,1,0,4.91,7,0,0,7.1,6,4,4,2,3,14,4.5,1.227,7.4,3,17.2,2019-05-04 10:49:57
John Gant,STL,3,0,0.98,14,0,1,18.1,5,2,2,2,7,17,3.84,0.655,2.5,7,8.3,2019-05-04 10:49:57
Luis Garcia,LAA,0,1,3.18,13,0,1,11.1,7,4,4,1,11,5,6.84,1.588,5.6,11,4.0,2019-05-04 10:49:57
Yimi Garcia,LAD,0,1,5.68,14,0,0,12.2,8,9,8,3,6,13,5.82,1.105,5.7,6,9.2,2019-05-04 10:49:57
Amir Garrett,CIN,1,1,1.54,14,0,0,11.2,6,2,2,1,5,12,3.73,0.943,4.6,5,9.3,2019-05-04 10:49:57
Kevin Gausman,ATL,1,2,3.96,4,4,0,25.0,17,12,11,4,8,28,3.93,1.0,6.1,8,10.1,2019-05-04 10:49:57
Sam Gaviglio,TOR,2,0,1.0,8,0,0,18.0,9,3,2,1,2,19,2.24,0.611,4.5,2,9.5,2019-05-04 10:49:57
Cory Gearrin,SEA,0,1,4.5,14,0,0,12.0,6,6,6,1,9,15,4.72,1.25,4.5,9,11.3,2019-05-04 10:49:57
Domingo German,NYY,4,1,1.75,5,4,0,25.2,13,7,5,2,8,28,2.9,0.818,4.6,8,9.8,2019-05-04 10:49:57
Kyle Gibson,MIN,1,0,6.1,4,4,0,20.2,23,15,14,3,8,18,4.44,1.5,10.0,8,7.8,2019-05-04 10:49:57
Ken Giles,TOR,1,1,2.19,13,0,7,12.1,13,3,3,1,5,19,2.32,1.459,9.5,5,13.9,2019-05-04 10:49:57
Lucas Giolito,CHW,2,1,5.3,4,4,0,18.2,15,13,11,2,10,23,3.83,1.339,7.2,10,11.1,2019-05-04 10:49:57
Tyler Glasnow,TBR,4,0,1.53,5,5,0,29.1,21,5,5,2,6,29,2.66,0.92,6.4,6,8.9,2019-05-04 10:49:57
Zack Godley,ARI,1,2,7.58,6,6,0,29.2,33,26,25,5,18,25,5.66,1.719,10.0,18,7.6,2019-05-04 10:49:57
Marco Gonzales,SEA,5,0,2.8,7,7,0,45.0,45,17,14,3,9,34,3.09,1.2,9.0,9,6.8,2019-05-04 10:49:57
Trevor Gott,SFG,1,0,1.8,11,0,0,15.0,7,3,3,0,3,15,1.93,0.667,4.2,3,9.0,2019-05-04 10:49:57
Matt Grace,WSN,0,1,5.4,15,0,0,11.2,12,8,7,1,5,11,3.9,1.4569999999999999,9.3,5,8.5,2019-05-04 10:49:57
Jon Gray,COL,2,3,3.65,6,6,0,37.0,31,15,15,6,16,34,4.86,1.27,7.5,16,8.3,2019-05-04 10:49:57
Sonny Gray,CIN,0,3,3.65,5,5,0,24.2,18,11,10,1,6,31,2.0,0.973,6.6,6,11.3,2019-05-04 10:49:57
Chad Green,NYY,0,2,16.43,10,0,0,7.2,15,14,14,4,4,7,10.05,2.478,17.6,4,8.2,2019-05-04 10:49:57
Shane Greene,DET,0,1,1.38,13,0,11,13.0,5,2,2,1,3,14,2.9,0.615,3.5,3,9.7,2019-05-04 10:49:57
Zack Greinke,ARI,4,1,3.72,6,6,0,36.1,29,16,15,8,7,39,4.43,0.991,7.2,7,9.7,2019-05-04 10:49:57
Junior Guerra,MIL,1,0,1.29,11,0,1,14.0,6,2,2,2,7,7,5.49,0.929,3.9,7,4.5,2019-05-04 10:49:57
Tayron Guerrero,MIA,1,0,0.82,12,0,0,11.0,5,1,1,0,7,13,3.22,1.091,4.1,7,10.6,2019-05-04 10:49:57
Josh Hader,MIL,0,2,3.21,10,0,6,14.0,6,5,5,3,4,29,2.63,0.7140000000000001,3.9,4,18.6,2019-05-04 10:49:57
Cole Hamels,CHC,3,0,3.16,5,5,0,31.1,22,11,11,4,9,30,3.74,0.9890000000000001,6.3,9,8.6,2019-05-04 10:49:57
Brad Hand,CLE,0,1,1.42,13,0,8,12.2,8,2,2,0,4,18,1.48,0.9470000000000001,5.7,4,12.8,2019-05-04 10:49:57
J.A. Happ,NYY,1,2,4.68,6,6,0,32.2,33,17,17,7,8,24,5.18,1.255,9.1,8,6.6,2019-05-04 10:49:57
Blaine Hardy,DET,1,0,6.0,8,0,0,12.0,8,8,8,2,2,8,4.47,0.833,6.0,2,6.0,2019-05-04 10:49:57
Matt Harvey,LAA,0,2,8.03,5,5,0,24.2,29,23,22,5,10,16,5.93,1.581,10.6,10,5.8,2019-05-04 10:49:57
Taylor Hearn,TEX,0,1,108.0,1,1,0,0.1,3,5,4,0,4,0,39.13,21.0,81.0,4,0.0,2019-05-04 10:49:57
Jeremy Hellickson,WSN,2,0,4.34,4,3,0,18.2,20,9,9,2,10,10,5.06,1.607,9.6,10,4.8,2019-05-04 10:49:57
Kyle Hendricks,CHC,1,4,5.33,5,5,0,25.1,37,21,15,3,8,24,3.73,1.776,13.1,8,8.5,2019-05-04 10:49:57
David Hernandez,CIN,0,1,2.53,12,0,1,10.2,12,3,3,0,5,10,2.66,1.594,10.1,5,8.4,2019-05-04 10:49:57
Felix Hernandez,SEA,1,2,3.91,5,5,0,25.1,28,13,11,3,3,21,3.73,1.224,9.9,3,7.5,2019-05-04 10:49:57
David Hess,BAL,1,4,5.88,6,5,0,26.0,25,17,17,8,7,18,6.56,1.2309999999999999,8.7,7,6.2,2019-05-04 10:49:57
Jordan Hicks,STL,1,1,2.38,11,0,8,11.1,6,3,3,1,5,14,3.4,0.971,4.8,5,11.1,2019-05-04 10:49:57
Trevor Hildenberger,MIN,2,1,2.16,12,0,1,8.1,8,2,2,0,4,10,2.53,1.44,8.6,4,10.8,2019-05-04 10:49:57
Yoshihisa Hirano,ARI,1,1,4.5,12,0,1,10.0,13,7,5,0,4,14,1.53,1.7,11.7,4,12.6,2019-05-04 10:49:57
Jonathan Holder,NYY,1,0,5.4,9,0,0,13.1,15,9,8,2,3,15,3.73,1.35,10.1,3,10.1,2019-05-04 10:49:57
Derek Holland,SFG,1,4,5.34,6,6,0,32.0,26,19,19,7,16,40,5.16,1.3130000000000002,7.3,16,11.3,2019-05-04 10:49:57
Adrian Houser,MIL,0,1,11.25,1,1,0,4.0,9,5,5,2,1,3,8.88,2.5,20.3,1,6.8,2019-05-04 10:49:57
Dakota Hudson,STL,2,1,5.63,6,5,1,24.0,33,16,15,8,13,19,7.51,1.9169999999999998,12.4,13,7.1,2019-05-04 10:49:57
Daniel Hudson,TOR,1,1,4.63,12,0,0,11.2,8,6,6,3,4,13,5.53,1.0290000000000001,6.2,4,10.0,2019-05-04 10:49:57
Jared Hughes,CIN,2,0,5.73,14,0,0,11.0,12,7,7,1,5,8,4.5,1.545,9.8,5,6.5,2019-05-04 10:49:57
Raisel Iglesias,CIN,0,3,3.65,11,0,6,12.1,10,5,5,2,6,19,3.62,1.297,7.3,6,13.9,2019-05-04 10:49:57
Luke Jackson,ATL,2,0,2.7,12,0,0,13.1,11,4,4,1,6,15,3.21,1.275,7.4,6,10.1,2019-05-04 10:49:57
Kenley Jansen,LAD,2,0,3.29,13,0,9,13.2,9,7,5,3,2,17,3.94,0.805,5.9,2,11.2,2019-05-04 10:49:57
Joe Jimenez,DET,1,1,5.23,12,0,0,10.1,11,6,6,2,6,15,5.07,1.645,9.6,6,13.1,2019-05-04 10:49:57
Brian Johnson,BOS,1,0,12.71,4,0,0,5.2,10,8,8,3,3,7,9.13,2.294,15.9,3,11.1,2019-05-04 10:49:57
DJ Johnson,COL,0,1,5.79,11,0,0,9.1,9,6,6,0,9,9,4.42,1.929,8.7,9,8.7,2019-05-04 10:49:57
Nate Jones,CHW,0,1,3.48,13,0,1,10.1,10,4,4,2,7,10,6.04,1.645,8.7,7,8.7,2019-05-04 10:49:57
Jakob Junis,KCR,2,2,5.57,6,6,0,32.1,38,21,20,5,10,32,4.28,1.485,10.6,10,8.9,2019-05-04 10:49:57
Tommy Kahnle,NYY,1,0,1.86,11,0,0,9.2,4,2,2,1,5,13,3.34,0.9309999999999999,3.7,5,12.1,2019-05-04 10:49:57
Keone Kela,PIT,1,0,5.59,11,0,0,9.2,9,6,6,3,4,10,6.34,1.345,8.4,4,9.3,2019-05-04 10:49:57
Brad Keller,KCR,2,2,3.41,6,6,0,37.0,26,14,14,3,20,29,4.48,1.2429999999999999,6.3,20,7.1,2019-05-04 10:49:57
Joe Kelly,LAD,1,2,9.0,11,0,0,12.0,19,12,12,3,2,11,5.3,1.75,14.3,2,8.3,2019-05-04 10:49:57
Merrill Kelly,ARI,2,2,3.94,5,5,0,29.2,29,13,13,5,12,27,4.72,1.382,8.8,12,8.2,2019-05-04 10:49:57
Clayton Kershaw,LAD,1,0,2.25,3,3,0,20.0,11,5,5,2,4,21,2.93,0.75,5.0,4,9.5,2019-05-04 10:49:57
Yusei Kikuchi,SEA,1,1,4.54,7,7,0,33.2,35,21,17,5,8,25,4.29,1.2770000000000001,9.4,8,6.7,2019-05-04 10:49:57
Nick Kingham,PIT,1,0,4.35,7,0,1,10.1,8,5,5,1,4,10,3.62,1.161,7.0,4,8.7,2019-05-04 10:49:57
Corey Kluber,CLE,2,2,5.81,6,6,0,31.0,37,23,20,4,15,35,4.2,1.6769999999999998,10.7,15,10.2,2019-05-04 10:49:57
Adam Kolarek,TBR,1,0,1.74,15,0,0,10.1,10,2,2,0,3,8,2.75,1.258,8.7,3,7.0,2019-05-04 10:49:57
Eric Lauer,SDP,2,3,4.41,6,6,0,32.2,33,17,16,5,10,29,4.27,1.3159999999999998,9.1,10,8.0,2019-05-04 10:49:57
Mike Leake,SEA,2,3,4.98,6,6,0,34.1,45,23,19,10,7,29,6.02,1.515,11.8,7,7.6,2019-05-04 10:49:57
Wade LeBlanc,SEA,2,0,4.5,3,3,0,16.0,21,10,8,2,5,12,4.2,1.625,11.8,5,6.8,2019-05-04 10:49:57
Jose Leclerc,TEX,1,1,7.27,11,0,5,8.2,9,7,7,2,8,11,7.4,1.962,9.3,8,11.4,2019-05-04 10:49:57
Jon Lester,CHC,1,1,2.37,4,4,0,19.0,17,5,5,3,6,19,4.13,1.2109999999999999,8.1,6,9.0,2019-05-04 10:49:57
Jonathan Loaisiga,NYY,1,0,2.7,3,2,0,10.0,7,3,3,1,6,10,4.23,1.3,6.3,6,9.0,2019-05-04 10:49:57
Jorge Lopez,KCR,0,2,5.08,6,6,0,33.2,36,21,19,7,12,31,5.24,1.426,9.6,12,8.3,2019-05-04 10:49:57
Pablo Lopez,MIA,2,3,4.44,5,5,0,26.1,26,14,13,2,5,29,2.83,1.177,8.9,5,9.9,2019-05-04 10:49:57
Reynaldo Lopez,CHW,1,3,7.46,5,5,0,25.1,34,22,21,7,14,25,6.53,1.895,12.1,14,8.9,2019-05-04 10:49:57
Joey Lucchesi,SDP,3,2,4.33,5,5,0,27.0,26,13,13,2,9,29,2.95,1.296,8.7,9,9.7,2019-05-04 10:49:57
Seth Lugo,NYM,1,0,4.6,11,0,0,15.2,15,12,8,2,4,19,3.52,1.213,8.6,4,10.9,2019-05-04 10:49:57
Jordan Lyles,PIT,2,1,2.05,4,4,0,22.0,18,6,5,3,5,21,3.68,1.045,7.4,5,8.6,2019-05-04 10:49:57
Lance Lynn,TEX,2,2,6.51,5,5,0,27.2,35,20,20,3,8,24,3.89,1.554,11.4,8,7.8,2019-05-04 10:49:57
Kenta Maeda,LAD,3,2,5.2,5,5,0,27.2,27,16,16,5,13,25,5.08,1.446,8.8,13,8.1,2019-05-04 10:49:57
Tyler Mahle,CIN,0,3,4.5,5,5,0,28.0,32,14,14,4,7,26,3.88,1.393,10.3,7,8.4,2019-05-04 10:49:57
Nick Margevicius,SDP,2,2,3.6,5,5,0,25.0,20,10,10,3,7,23,3.93,1.08,7.2,7,8.3,2019-05-04 10:49:57
German Marquez,COL,3,1,2.54,6,6,0,39.0,31,11,11,4,10,37,3.49,1.051,7.2,10,8.5,2019-05-04 10:49:57
Chris Martin,TEX,0,2,4.35,10,0,0,10.1,11,5,5,3,2,8,5.94,1.258,9.6,2,7.0,2019-05-04 10:49:57
Steven Matz,NYM,2,1,4.03,5,5,0,22.1,19,14,10,5,8,25,5.01,1.209,7.7,8,10.1,2019-05-04 10:49:57
Trevor May,MIN,1,1,3.38,13,0,0,10.2,9,4,4,0,5,10,2.66,1.3130000000000002,7.6,5,8.4,2019-05-04 10:49:57
Mike Mayers,STL,0,1,5.4,8,0,0,8.1,10,5,5,2,5,8,6.49,1.8,10.8,5,8.6,2019-05-04 10:49:57
Kevin McCarthy,KCR,0,1,19.64,6,0,0,3.2,10,8,8,1,4,0,10.77,3.818,24.5,4,0.0,2019-05-04 10:49:57
Collin McHugh,HOU,3,2,4.78,6,6,0,32.0,24,18,17,6,10,37,4.38,1.063,6.8,10,10.4,2019-05-04 10:49:57
John Means,BAL,3,2,1.74,7,3,0,20.2,17,8,4,2,6,23,3.33,1.113,7.4,6,10.0,2019-05-04 10:49:57
Adalberto Mejia,MIN,0,1,6.55,10,0,0,11.0,10,8,8,2,6,10,5.31,1.455,8.2,6,8.2,2019-05-04 10:49:57
Miles Mikolas,STL,2,2,5.29,6,6,0,34.0,34,21,20,8,8,19,6.04,1.235,9.0,8,5.0,2019-05-04 10:49:57
Wade Miley,HOU,1,2,3.58,5,5,0,27.2,25,11,11,3,5,18,3.89,1.084,8.1,5,5.9,2019-05-04 10:49:57
Andrew Miller,STL,1,1,6.1,14,0,0,10.1,11,9,7,4,9,15,8.75,1.935,9.6,9,13.1,2019-05-04 10:49:57
Shelby Miller,TEX,1,1,7.52,5,5,0,20.1,24,18,17,4,18,10,7.66,2.066,10.6,18,4.4,2019-05-04 10:49:57
Mike Minor,TEX,3,2,2.88,6,6,0,40.2,25,13,13,5,12,39,3.85,0.91,5.5,12,8.6,2019-05-04 10:49:57
A.J. Minter,ATL,0,3,9.72,10,0,3,8.1,10,9,9,2,6,11,5.77,1.92,10.8,6,11.9,2019-05-04 10:49:57
Frankie Montas,OAK,4,1,3.1,5,5,0,29.0,25,10,10,4,8,26,4.17,1.138,7.8,8,8.1,2019-05-04 10:49:57
Reyes Moronta,SFG,0,2,2.45,10,0,0,11.0,6,3,3,1,4,18,2.13,0.909,4.9,4,14.7,2019-05-04 10:49:57
Charlie Morton,TBR,3,0,2.76,6,6,0,32.2,21,10,10,2,16,39,3.38,1.133,5.8,16,10.7,2019-05-04 10:49:57
Joe Musgrove,PIT,1,2,2.06,6,5,0,35.0,25,10,8,1,7,31,2.5,0.914,6.4,7,8.0,2019-05-04 10:49:57
Hector Neris,PHI,0,1,2.92,12,0,4,12.1,9,4,4,2,3,19,3.13,0.973,6.6,3,13.9,2019-05-04 10:49:57
Pat Neshek,PHI,0,1,2.45,12,0,1,11.0,13,4,3,1,1,5,3.68,1.273,10.6,1,4.1,2019-05-04 10:49:57
Juan Nicasio,PHI,0,1,5.84,9,0,0,12.1,14,8,8,1,6,9,4.43,1.6219999999999999,10.2,6,6.6,2019-05-04 10:49:57
Aaron Nola,PHI,2,0,5.68,6,6,0,31.2,37,21,20,7,13,32,5.41,1.579,10.5,13,9.1,2019-05-04 10:49:57
Daniel Norris,DET,1,0,3.93,5,2,0,18.1,23,8,8,4,6,15,5.31,1.5819999999999999,11.3,6,7.4,2019-05-04 10:49:57
Ivan Nova,CHW,0,3,8.42,5,5,0,25.2,39,24,24,4,6,18,4.57,1.7530000000000001,13.7,6,6.3,2019-05-04 10:49:57
Jake Odorizzi,MIN,2,2,4.37,5,5,0,22.2,18,12,11,2,10,23,3.71,1.235,7.1,10,9.1,2019-05-04 10:49:57
Seunghwan Oh,COL,1,0,4.5,11,0,0,10.0,12,5,5,2,2,10,4.33,1.4,10.8,2,9.0,2019-05-04 10:49:57
Corey Oswalt,NYM,0,1,12.15,2,0,0,6.2,9,9,9,1,6,5,6.28,2.25,12.2,6,6.8,2019-05-04 10:49:57
Adam Ottavino,NYY,1,1,2.51,12,0,0,14.1,9,4,4,2,11,19,4.6,1.395,5.7,11,11.9,2019-05-04 10:49:57
Chris Paddack,SDP,1,1,1.67,5,5,0,27.0,10,6,5,2,8,30,2.87,0.667,3.3,8,10.0,2019-05-04 10:49:57
Thomas Pannone,TOR,1,2,4.2,9,1,0,15.0,12,7,7,2,3,18,3.27,1.0,7.2,3,10.8,2019-05-04 10:49:57
Blake Parker,MIN,0,1,1.23,9,0,4,7.1,3,1,1,0,5,6,3.54,1.091,3.7,5,7.4,2019-05-04 10:49:57
Wes Parsons,ATL,1,1,4.35,12,0,0,10.1,7,6,5,1,8,10,4.78,1.452,6.1,8,8.7,2019-05-04 10:49:57
James Paxton,NYY,3,2,3.38,6,6,0,34.2,30,14,13,3,10,51,2.27,1.1540000000000001,7.8,10,13.2,2019-05-04 10:49:57
Brad Peacock,HOU,2,1,3.67,6,4,0,27.0,20,12,11,3,7,24,3.58,1.0,6.7,7,8.0,2019-05-04 10:49:57
Felix Pena,LAA,0,1,3.63,5,4,0,22.1,17,11,9,4,7,22,4.83,1.075,6.9,7,8.9,2019-05-04 10:49:57
Freddy Peralta,MIL,1,0,7.13,4,4,0,17.2,20,14,14,5,7,22,5.85,1.528,10.2,7,11.2,2019-05-04 10:49:57
Wily Peralta,KCR,2,1,5.25,12,0,1,12.0,11,7,7,1,6,7,4.55,1.4169999999999998,8.3,6,5.3,2019-05-04 10:49:57
Martin Perez,MIN,3,0,4.44,6,3,0,26.1,30,14,13,2,12,23,3.85,1.595,10.3,12,7.9,2019-05-04 10:49:57
Yusmeiro Petit,OAK,0,1,2.93,14,0,0,15.1,10,5,5,3,2,8,5.02,0.7829999999999999,5.9,2,4.7,2019-05-04 10:49:57
Michael Pineda,MIN,2,1,5.63,5,5,0,24.0,28,15,15,4,5,20,4.26,1.375,10.5,5,7.5,2019-05-04 10:49:57
Nick Pivetta,PHI,2,1,8.35,4,4,0,18.1,31,18,17,5,8,16,6.41,2.127,15.2,8,7.9,2019-05-04 10:49:57
Drew Pomeranz,SFG,1,2,3.65,5,5,0,24.2,24,10,10,4,10,28,4.31,1.3780000000000001,8.8,10,10.2,2019-05-04 10:49:57
Rick Porcello,BOS,1,3,7.43,5,5,0,23.0,34,24,19,5,15,20,6.31,2.13,13.3,15,7.8,2019-05-04 10:49:57
David Price,BOS,1,2,3.6,5,5,0,30.0,24,12,12,4,8,37,3.2,1.067,7.2,8,11.1,2019-05-04 10:49:57
Jose Quintana,CHC,3,1,3.21,5,4,0,28.0,27,12,10,3,9,36,2.92,1.286,8.7,9,11.6,2019-05-04 10:49:57
Neil Ramirez,CLE,0,1,7.2,10,0,0,10.0,13,9,8,4,5,13,7.23,1.8,11.7,5,11.7,2019-05-04 10:49:57
Noe Ramirez,LAA,1,0,3.14,9,0,0,14.1,10,5,5,3,5,18,4.39,1.047,6.3,5,11.3,2019-05-04 10:49:57
Robbie Ray,ARI,1,1,4.18,6,6,0,32.1,23,15,15,4,17,37,4.12,1.237,6.4,17,10.3,2019-05-04 10:49:57
Sean Reid-Foley,TOR,0,1,13.5,1,1,0,2.0,4,5,3,1,2,3,11.13,3.0,18.0,2,13.5,2019-05-04 10:49:57
Alex Reyes,STL,0,1,15.0,4,0,0,3.0,2,5,5,1,6,1,12.8,2.667,6.0,6,3.0,2019-05-04 10:49:57
Gerardo Reyes,SDP,1,0,36.0,2,0,0,1.0,3,4,4,0,1,2,2.13,4.0,27.0,1,18.0,2019-05-04 10:49:57
Trevor Richards,MIA,0,4,4.64,6,6,0,33.0,26,17,17,5,18,31,5.13,1.3330000000000002,7.1,18,8.5,2019-05-04 10:49:57
Tanner Roark,CIN,1,1,3.24,5,5,0,25.0,29,10,9,2,11,24,3.81,1.6,10.4,11,8.6,2019-05-04 10:49:57
David Robertson,PHI,0,1,5.4,7,0,0,6.2,8,4,4,1,6,6,5.98,2.1,10.8,6,8.1,2019-05-04 10:49:57
Hansel Robles,LAA,1,0,3.0,14,1,1,12.0,8,4,4,1,3,16,2.3,0.917,6.0,3,12.0,2019-05-04 10:49:57
Fernando Rodney,OAK,0,1,6.55,12,0,0,11.0,13,8,8,0,7,11,3.04,1.818,10.6,7,9.0,2019-05-04 10:49:57
Carlos Rodon,CHW,3,2,4.94,6,6,0,31.0,28,19,17,4,15,40,3.78,1.3869999999999998,8.1,15,11.6,2019-05-04 10:49:57
Dereck Rodriguez,SFG,3,2,3.54,5,5,0,28.0,23,11,11,4,5,22,4.06,1.0,7.4,5,7.1,2019-05-04 10:49:57
Eduardo Rodriguez,BOS,2,2,5.88,5,5,0,26.0,28,19,17,4,10,28,4.25,1.462,9.7,10,9.7,2019-05-04 10:49:57
Jefry Rodriguez,CLE,0,1,2.13,2,2,0,12.2,8,3,3,1,2,6,3.69,0.789,5.7,2,4.3,2019-05-04 10:49:57
Richard Rodriguez,PIT,0,1,3.75,14,0,1,12.0,12,6,5,4,4,12,6.72,1.3330000000000002,9.0,4,9.0,2019-05-04 10:49:57
Chaz Roe,TBR,0,2,3.52,12,0,0,7.2,8,3,3,1,8,10,5.35,2.0869999999999997,9.4,8,11.7,2019-05-04 10:49:57
Sergio Romo,MIA,1,0,6.0,10,0,4,9.0,7,6,6,1,4,7,4.36,1.222,7.0,4,7.0,2019-05-04 10:49:57
Hector Rondon,HOU,2,1,2.79,10,0,0,9.2,10,3,3,1,2,9,3.55,1.2409999999999999,9.3,2,8.4,2019-05-04 10:49:57
Trevor Rosenthal,WSN,0,1,36.0,7,0,0,3.0,7,12,12,0,9,3,13.13,5.332999999999999,21.0,9,9.0,2019-05-04 10:49:57
Tyson Ross,DET,1,3,4.03,5,5,0,29.0,28,17,13,4,12,22,4.65,1.379,8.7,12,6.8,2019-05-04 10:49:57
Zac Rosscup,SEA,2,0,2.35,12,0,0,7.2,7,5,2,1,9,11,5.48,2.0869999999999997,8.2,9,12.9,2019-05-04 10:49:57
Hyun-Jin Ryu,LAD,3,1,2.96,5,5,0,27.1,26,9,9,6,2,33,3.79,1.024,8.6,2,10.9,2019-05-04 10:49:57
CC Sabathia,NYY,1,0,2.4,3,3,0,15.0,10,6,4,3,4,11,5.07,0.9329999999999999,6.0,4,6.6,2019-05-04 10:49:57
Chris Sale,BOS,0,4,7.43,5,5,0,23.0,28,19,19,6,7,24,5.61,1.5219999999999998,11.0,7,9.4,2019-05-04 10:49:57
Jeff Samardzija,SFG,2,1,3.0,5,5,0,27.0,22,10,9,3,9,24,3.8,1.148,7.3,9,8.0,2019-05-04 10:49:57
Adrian Sampson,TEX,0,1,4.5,6,2,0,22.0,24,11,11,4,8,14,5.45,1.455,9.8,8,5.7,2019-05-04 10:49:57
Aaron Sanchez,TOR,3,1,2.32,6,6,0,31.0,21,12,8,2,20,27,4.46,1.3230000000000002,6.1,20,7.8,2019-05-04 10:49:57
Anibal Sanchez,WSN,0,3,6.0,5,5,0,27.0,32,18,18,4,16,20,5.36,1.778,10.7,16,6.7,2019-05-04 10:49:57
Ervin Santana,CHW,0,2,9.45,3,3,0,13.1,19,14,14,6,6,5,9.58,1.875,12.8,6,3.4,2019-05-04 10:49:57
Max Scherzer,WSN,1,3,4.12,6,6,0,39.1,39,20,18,4,5,54,2.24,1.119,8.9,5,12.4,2019-05-04 10:49:57
Antonio Senzatela,COL,2,1,3.93,3,3,0,18.1,20,8,8,2,5,11,4.33,1.364,9.8,5,5.4,2019-05-04 10:49:57
Bryan Shaw,COL,1,0,1.13,13,0,0,16.0,10,3,2,1,7,6,4.7,1.063,5.6,7,3.4,2019-05-04 10:49:57
Matt Shoemaker,TOR,3,0,1.57,5,5,0,28.2,16,7,5,3,9,24,3.87,0.872,5.0,9,7.5,2019-05-04 10:49:57
Tony Sipp,WSN,0,1,9.53,12,0,0,5.2,8,6,6,0,1,5,2.43,1.588,12.7,1,7.9,2019-05-04 10:49:57
Tyler Skaggs,LAA,2,2,3.15,4,4,0,20.0,20,7,7,4,5,19,4.58,1.25,9.0,5,8.6,2019-05-04 10:49:57
Caleb Smith,MIA,2,0,2.17,5,5,0,29.0,17,7,7,3,7,37,2.65,0.828,5.3,7,11.5,2019-05-04 10:49:57
Drew Smyly,TEX,0,2,7.8,4,4,0,15.0,19,13,13,4,10,19,6.27,1.933,11.4,10,11.4,2019-05-04 10:49:57
Blake Snell,TBR,2,2,2.54,5,5,0,28.1,20,9,8,5,6,39,3.31,0.9179999999999999,6.4,6,12.4,2019-05-04 10:49:57
Joakim Soria,OAK,0,2,7.3,14,0,0,12.1,13,10,10,0,7,12,3.13,1.6219999999999999,9.5,7,8.8,2019-05-04 10:49:57
Mike Soroka,ATL,1,1,1.69,2,2,0,10.2,9,2,2,0,5,13,2.66,1.3130000000000002,7.6,5,11.0,2019-05-04 10:49:57
Glenn Sparkman,KCR,0,1,8.1,3,0,0,6.2,13,6,6,1,2,3,5.08,2.25,17.6,2,4.1,2019-05-04 10:49:57
Jeffrey Springs,TEX,2,0,5.25,9,0,0,12.0,12,7,7,0,10,12,3.63,1.8330000000000002,9.0,10,9.0,2019-05-04 10:49:57
Craig Stammen,SDP,3,1,2.76,14,0,0,16.1,14,6,5,3,1,12,4.24,0.9179999999999999,7.7,1,6.6,2019-05-04 10:49:57
Drew Steckenrider,MIA,0,2,7.15,12,0,0,11.1,7,9,9,5,3,12,7.81,0.882,5.6,3,9.5,2019-05-04 10:49:57
Robert Stephenson,CIN,2,0,2.08,10,0,0,13.0,7,4,3,0,4,18,1.29,0.846,4.8,4,12.5,2019-05-04 10:49:57
Kohl Stewart,MIN,0,1,7.5,1,1,0,6.0,8,5,5,2,3,1,8.63,1.8330000000000002,12.0,3,1.5,2019-05-04 10:49:57
Robert Stock,SDP,1,0,9.0,7,0,0,6.0,7,8,6,1,6,9,5.3,2.167,10.5,6,13.5,2019-05-04 10:49:57
Matt Strahm,SDP,0,2,3.04,5,5,0,26.2,23,10,9,3,5,21,3.81,1.05,7.8,5,7.1,2019-05-04 10:49:57
Dan Straily,BAL,1,1,6.75,5,4,0,18.2,24,15,14,7,7,9,8.17,1.661,11.6,7,4.3,2019-05-04 10:49:57
Stephen Strasburg,WSN,2,1,3.82,6,6,0,37.2,28,16,16,6,10,48,3.45,1.0090000000000001,6.7,10,11.5,2019-05-04 10:49:57
Chris Stratton,LAA,0,2,7.11,6,5,0,25.1,36,20,20,4,15,21,5.3,2.013,12.8,15,7.5,2019-05-04 10:49:57
Ross Stripling,LAD,1,1,2.65,6,6,0,34.0,27,10,10,4,10,32,3.75,1.088,7.1,10,8.5,2019-05-04 10:49:57
Marcus Stroman,TOR,1,3,1.43,6,6,0,37.2,27,9,6,0,14,36,2.34,1.088,6.5,14,8.6,2019-05-04 10:49:57
Pedro Strop,CHC,1,1,3.52,9,0,3,7.2,4,3,3,1,2,7,3.79,0.7829999999999999,4.7,2,8.2,2019-05-04 10:49:57
Daniel Stumpf,DET,1,0,2.57,11,0,0,7.0,7,2,2,0,2,12,0.56,1.286,9.0,2,15.4,2019-05-04 10:49:57
Wander Suero,WSN,1,3,8.18,13,0,0,11.0,8,10,10,1,6,13,3.86,1.273,6.5,6,10.6,2019-05-04 10:49:57
Erik Swanson,SEA,0,2,4.61,3,2,0,13.2,12,8,7,3,2,12,4.67,1.024,7.9,2,7.9,2019-05-04 10:49:57
Anthony Swarzak,SEA,2,0,3.24,9,0,3,8.1,5,3,3,3,5,11,6.97,1.2,5.4,5,11.9,2019-05-04 10:49:57
Noah Syndergaard,NYM,1,3,6.35,6,6,0,34.0,40,26,24,5,10,39,3.72,1.4709999999999999,10.6,10,10.3,2019-05-04 10:49:57
Jameson Taillon,PIT,1,3,4.06,6,6,0,31.0,29,20,14,2,6,25,3.13,1.129,8.4,6,7.3,2019-05-04 10:49:57
Masahiro Tanaka,NYY,2,2,3.6,6,6,0,35.0,34,16,14,5,11,30,4.22,1.286,8.7,11,7.7,2019-05-04 10:49:57
Julio Teheran,ATL,2,3,5.4,6,6,0,31.2,33,19,19,5,17,36,4.62,1.579,9.4,17,10.2,2019-05-04 10:49:57
Trent Thornton,TOR,0,3,5.79,5,5,0,23.1,25,15,15,5,7,26,4.59,1.371,9.6,7,10.0,2019-05-04 10:49:57
Touki Toussaint,ATL,1,0,8.59,2,1,0,7.1,10,8,7,0,3,9,3.13,1.7730000000000001,12.3,3,11.0,2019-05-04 10:49:57
Blake Treinen,OAK,1,1,0.68,11,0,6,13.1,7,1,1,0,9,17,2.61,1.2,4.7,9,11.5,2019-05-04 10:49:57
Lou Trivino,OAK,1,0,1.42,12,0,0,12.2,6,2,2,1,1,16,1.87,0.5529999999999999,4.3,1,11.4,2019-05-04 10:49:57
Spencer Turnbull,DET,1,2,2.77,5,5,0,26.0,23,10,8,2,11,26,3.75,1.308,8.0,11,9.0,2019-05-04 10:49:57
Jose Urena,MIA,1,4,5.08,6,6,0,33.2,43,21,19,5,9,25,4.47,1.545,11.5,9,6.7,2019-05-04 10:49:57
Julio Urias,LAD,1,1,3.32,5,4,0,21.2,14,9,8,2,8,26,3.32,1.015,5.8,8,10.8,2019-05-04 10:49:57
Framber Valdez,HOU,0,1,4.26,4,0,0,6.1,5,3,3,0,5,8,2.98,1.579,7.1,5,11.4,2019-05-04 10:49:57
Jason Vargas,NYM,1,1,7.2,5,4,0,15.0,20,12,12,3,9,10,6.4,1.933,12.0,9,6.0,2019-05-04 10:49:57
Vince Velasquez,PHI,1,0,1.99,5,4,0,22.2,16,5,5,3,7,22,3.97,1.015,6.4,7,8.7,2019-05-04 10:49:57
Hector Velazquez,BOS,0,2,3.94,7,3,0,16.0,15,8,7,1,6,15,3.38,1.3130000000000002,8.4,6,8.4,2019-05-04 10:49:57
Drew VerHagen,DET,1,0,7.71,8,0,0,4.2,5,4,4,1,7,7,7.42,2.571,9.6,7,13.5,2019-05-04 10:49:57
Justin Verlander,HOU,4,0,2.61,6,6,0,38.0,25,11,11,6,9,46,3.71,0.895,5.9,9,10.9,2019-05-04 10:49:57
Nick Vincent,SFG,0,1,1.84,10,0,0,14.2,14,3,3,0,5,11,2.86,1.295,8.6,5,6.8,2019-05-04 10:49:57
Arodys Vizcaino,ATL,1,0,2.25,4,0,1,4.0,3,1,1,1,3,6,5.63,1.5,6.8,3,13.5,2019-05-04 10:49:57
Michael Wacha,STL,1,0,4.64,4,4,0,21.1,20,11,11,5,14,24,5.9,1.594,8.4,14,10.1,2019-05-04 10:49:57
Adam Wainwright,STL,2,2,3.96,5,5,0,25.0,24,12,11,3,10,22,4.25,1.36,8.6,10,7.9,2019-05-04 10:49:57
Marcus Walden,BOS,3,0,2.19,9,0,0,12.1,7,5,3,1,5,15,3.21,0.973,5.1,5,10.9,2019-05-04 10:49:57
Adam Warren,SDP,1,0,3.86,9,0,0,11.2,9,5,5,4,6,11,7.25,1.286,6.9,6,8.5,2019-05-04 10:49:57
Luke Weaver,ARI,2,1,3.33,5,5,0,27.0,26,11,10,2,6,31,2.58,1.185,8.7,6,10.3,2019-05-04 10:49:57
Zack Wheeler,NYM,2,2,4.85,5,5,0,29.2,26,16,16,3,14,33,3.64,1.348,7.9,14,10.0,2019-05-04 10:49:57
Taylor Williams,MIL,0,1,10.38,4,0,0,4.1,6,5,5,1,3,4,7.06,2.077,12.5,3,8.3,2019-05-04 10:49:57
Trevor Williams,PIT,1,1,2.59,5,5,0,31.1,24,10,9,2,6,21,3.48,0.9570000000000001,6.9,6,6.0,2019-05-04 10:49:57
Alex Wilson,MIL,1,1,9.53,13,0,1,11.1,15,12,12,3,9,13,6.66,2.1180000000000003,11.9,9,10.3,2019-05-04 10:49:57
Justin Wilson,NYM,1,1,3.24,9,0,1,8.1,6,4,3,2,4,8,6.49,1.2,6.5,4,8.6,2019-05-04 10:49:57
Matt Wisler,SDP,1,0,5.63,4,0,0,8.0,8,5,5,2,2,8,5.13,1.25,9.0,2,9.0,2019-05-04 10:49:57
Brandon Woodruff,MIL,3,1,5.17,6,6,0,31.1,36,18,18,4,10,38,3.61,1.4680000000000002,10.3,10,10.9,2019-05-04 10:49:57
Brandon Workman,BOS,1,1,2.25,13,0,0,12.0,2,3,3,0,10,17,2.8,1.0,1.5,10,12.8,2019-05-04 10:49:57
Kyle Wright,ATL,0,2,7.07,3,3,0,14.0,15,11,11,4,10,11,7.63,1.786,9.6,10,7.1,2019-05-04 10:49:57
Mike Wright,BAL,0,1,9.45,10,0,1,13.1,20,14,14,5,7,14,7.71,2.025,13.5,7,9.5,2019-05-04 10:49:57
Jimmy Yacabonis,BAL,1,1,6.32,10,0,0,15.2,18,11,11,4,7,6,7.22,1.5959999999999999,10.3,7,3.4,2019-05-04 10:49:57
Ryan Yarbrough,TBR,2,1,8.1,5,0,0,16.2,18,15,15,3,4,14,4.69,1.32,9.7,4,7.6,2019-05-04 10:49:57
Kyle Zimmer,KCR,0,1,9.0,3,0,0,2.0,2,2,2,0,5,2,8.63,3.5,9.0,5,9.0,2019-05-04 10:49:57
Jordan Zimmermann,DET,0,4,5.93,6,6,0,30.1,30,21,20,6,11,21,5.41,1.3519999999999999,8.9,11,6.2,2019-05-04 10:49:57
