,date_time,number_of_listings,player_name
0,2019-05-03 17:27:18,11261,Jose Abreu
1,2019-05-03 17:27:21,10821,Ronald Acuna Jr.
2,2019-05-03 17:27:24,3785,Willy Adames
3,2019-05-03 17:27:27,2832,Matt Adams
4,2019-05-03 17:27:29,435,Ehire Adrianza
5,2019-05-03 17:27:31,1919,Jesus Aguilar
6,2019-05-03 17:27:33,1043,Nick Ahmed
7,2019-05-03 17:27:36,178,Hanser Alberto
8,2019-05-03 17:27:38,11072,Ozzie Albies
9,2019-05-03 17:27:41,3300,Jorge Alfaro
10,2019-05-03 17:27:43,1310,Anthony Alford
11,2019-05-03 17:27:46,2300,Greg Allen
12,2019-05-03 17:27:48,234,Yency Almonte
13,2019-05-03 17:27:51,3791,Albert Almora
14,2019-05-03 17:27:54,1590,Pete Alonso
15,2019-05-03 17:27:56,2847,Yonder Alonso
16,2019-05-03 17:27:59,1531,Aaron Altherr
17,2019-05-03 17:28:01,19214,Jose Altuve
18,2019-05-03 17:28:05,4456,Brian Anderson
19,2019-05-03 17:28:07,228,Drew Anderson
20,2019-05-03 17:28:09,3532,Tim Anderson
21,2019-05-03 17:28:12,5416,Elvis Andrus
22,2019-05-03 17:28:15,7727,Miguel Andujar
23,2019-05-03 17:28:17,4819,Orlando Arcia
24,2019-05-03 17:28:19,15084,Nolan Arenado
25,2019-05-03 17:28:22,3535,Christian Arroyo
26,2019-05-03 17:28:24,400,Willians Astudillo
27,2019-05-03 17:28:27,3186,Tyler Austin
28,2019-05-03 17:28:29,1166,Alex Avila
29,2019-05-03 17:28:32,581,Pedro Avila
30,2019-05-03 17:28:34,3777,Harrison Bader
31,2019-05-03 17:28:37,10245,Javier Baez
32,2019-05-03 17:28:40,272,Austin Barnes
33,2019-05-03 17:28:42,766,Tucker Barnhart
34,2019-05-03 17:28:44,2147,Jake Bauers
35,2019-05-03 17:28:47,1801,Gordon Beckham
36,2019-05-03 17:28:50,2045,Tim Beckham
37,2019-05-03 17:28:53,4812,Josh Bell
38,2019-05-03 17:28:56,17827,Cody Bellinger
39,2019-05-03 17:28:58,4578,Brandon Belt
40,2019-05-03 17:29:01,14957,Andrew Benintendi
41,2019-05-03 17:29:04,15,Jon Berti
42,2019-05-03 17:29:05,15,Mookie Betts
43,2019-05-03 17:29:08,3190,Greg Bird
44,2019-05-03 17:29:11,522,Braden Bishop
45,2019-05-03 17:29:14,8900,Charlie Blackmon
46,2019-05-03 17:29:17,8413,Xander Bogaerts
47,2019-05-03 17:29:19,1248,David Bote
48,2019-05-03 17:29:22,2652,Justin Bour
49,2019-05-03 17:29:25,851,Peter Bourjos
50,2019-05-03 17:29:27,4730,Jackie Bradley Jr.
51,2019-05-03 17:29:30,3708,Michael Brantley
52,2019-05-03 17:29:32,13551,Ryan Braun
53,2019-05-03 17:29:40,11035,Alex Bregman
54,2019-05-03 17:29:43,3794,Lewis Brinson
55,2019-05-03 17:29:45,546,Socrates Brito
56,2019-05-03 17:29:47,1619,Keon Broxton
57,2019-05-03 17:29:50,7334,Jay Bruce
58,2019-05-03 17:29:53,28913,Kris Bryant
59,2019-05-03 17:29:56,298,Drew Butera
60,2019-05-03 17:29:59,7622,Byron Buxton
61,2019-05-03 17:30:01,2474,Asdrubal Cabrera
62,2019-05-03 17:30:04,3398,Melky Cabrera
63,2019-05-03 17:30:08,22958,Miguel Cabrera
64,2019-05-03 17:30:11,4874,Lorenzo Cain
65,2019-05-03 17:30:14,2288,Kole Calhoun
66,2019-05-03 17:30:17,441,Johan Camargo
67,2019-05-03 17:30:19,863,Jeimer Candelario
68,2019-05-03 17:30:22,643,Mark Canha
69,2019-05-03 17:30:25,16515,Robinson Cano
70,2019-05-03 17:30:27,1229,Victor Caratini
71,2019-05-03 17:30:30,264,Shane Carle
72,2019-05-03 17:30:33,5955,Matt Carpenter
73,2019-05-03 17:30:36,95,Curt Casali
74,2019-05-03 17:30:39,1454,Nicholas Castellanos
75,2019-05-03 17:30:42,731,Welington Castillo
76,2019-05-03 17:30:44,1063,Jason Castro
77,2019-05-03 17:30:47,7085,Starlin Castro
78,2019-05-03 17:30:50,457,Jake Cave
79,2019-05-03 17:30:53,1333,Francisco Cervelli
80,2019-05-03 17:30:56,83,Luis Cessa
81,2019-05-03 17:30:59,3675,Matt Chapman
82,2019-05-03 17:31:03,1075,Tyler Chatwood
83,2019-05-03 17:31:06,1492,Michael Chavis
84,2019-05-03 17:31:10,489,Robinson Chirinos
85,2019-05-03 17:31:13,405,Ji-Man Choi
86,2019-05-03 17:31:17,4045,Shin-Soo Choo
87,2019-05-03 17:31:20,630,Nick Ciuffo
88,2019-05-03 17:31:24,467,Taylor Clarke
89,2019-05-03 17:31:28,6323,Michael Conforto
90,2019-05-03 17:31:31,3893,Willson Contreras
91,2019-05-03 17:31:34,1689,Garrett Cooper
92,2019-05-03 17:31:37,112,Ryan Cordell
93,2019-05-03 17:31:41,244,Franchy Cordero
94,2019-05-03 17:31:45,19218,Carlos Correa
95,2019-05-03 17:31:48,2647,Zack Cozart
96,2019-05-03 17:31:51,4539,Brandon Crawford
97,2019-05-03 17:31:55,1855,C.J. Cron
98,2019-05-03 17:31:58,9453,Nelson Cruz
99,2019-05-03 17:32:07,10,Noel Cuevas
100,2019-05-03 17:32:08,10,Charlie Culberson
101,2019-05-03 17:32:10,2340,Travis d'Arnaud
102,2019-05-03 17:32:13,5934,David Dahl
103,2019-05-03 17:32:15,6759,Chris Davis
104,2019-05-03 17:32:18,2178,J.D. Davis
105,2019-05-03 17:32:20,7782,Khris Davis
106,2019-05-03 17:32:22,320,Taylor Davis
107,2019-05-03 17:32:24,13,Yonathan Daza
108,2019-05-03 17:32:26,626,Austin Dean
109,2019-05-03 17:32:28,3501,Paul DeJong
110,2019-05-03 17:32:31,2735,Nicky Delmonico
111,2019-05-03 17:32:33,978,Daniel Descalso
112,2019-05-03 17:32:38,4429,Delino DeShields
113,2019-05-03 17:32:40,3324,Ian Desmond
114,2019-05-03 17:32:42,12799,Rafael Devers
115,2019-05-03 17:32:45,2827,Aledmys Diaz
116,2019-05-03 17:32:47,213,Elias Diaz
117,2019-05-03 17:32:49,207,Yandy Diaz
118,2019-05-03 17:33:12,2347,Corey Dickerson
119,2019-05-03 17:33:15,973,Derek Dietrich
120,2019-05-03 17:33:18,741,Wilmer Difo
121,2019-05-03 17:33:20,242,Brandon Dixon
122,2019-05-03 17:33:23,10645,Josh Donaldson
123,2019-05-03 17:33:25,5137,Brian Dozier
124,2019-05-03 17:33:27,1948,Hunter Dozier
125,2019-05-03 17:33:30,2312,Brandon Drury
126,2019-05-03 17:33:33,1871,Lucas Duda
127,2019-05-03 17:33:36,1296,Steven Duggar
128,2019-05-03 17:33:39,1057,Jon Duplantier
129,2019-05-03 17:33:42,716,Jarrod Dyson
130,2019-05-03 17:33:44,3870,Adam Eaton
131,2019-05-03 17:33:46,8019,Edwin Encarnacion
132,2019-05-03 17:33:49,658,Adam Engel
133,2019-05-03 17:33:51,612,Phil Ervin
134,2019-05-03 17:33:53,907,Eduardo Escobar
135,2019-05-03 17:34:01,143,Thairo Estrada
136,2019-05-03 17:34:04,942,Kyle Farmer
137,2019-05-03 17:34:07,845,David Fletcher
138,2019-05-03 17:34:09,1691,Wilmer Flores
139,2019-05-03 17:34:13,1111,Tyler Flowers
140,2019-05-03 17:34:16,2375,Mike Foltynewicz
141,2019-05-03 17:34:19,171,Mike Ford
142,2019-05-03 17:34:20,1448,Logan Forsythe
143,2019-05-03 17:34:23,4112,Dexter Fowler
144,2019-05-03 17:34:26,6028,Maikel Franco
145,2019-05-03 17:34:28,366,Adam Frazier
146,2019-05-03 17:34:31,9049,Clint Frazier
147,2019-05-03 17:34:34,5557,Todd Frazier
148,2019-05-03 17:34:36,13174,Freddie Freeman
149,2019-05-03 17:34:41,157,Mike Freeman
150,2019-05-03 17:34:43,2842,David Freese
151,2019-05-03 17:34:46,49,David Freitas
152,2019-05-03 17:34:49,11,Josh Fuentes
153,2019-05-03 17:34:52,86,Drew Gagnon
154,2019-05-03 17:34:54,15,Rocky Gale
155,2019-05-03 17:34:57,287,Cam Gallagher
156,2019-05-03 17:35:00,6007,Joey Gallo
157,2019-05-03 17:35:03,281,Isaac Galloway
158,2019-05-03 17:35:05,801,Freddy Galvis
159,2019-05-03 17:35:08,823,Ben Gamel
160,2019-05-03 17:35:12,3050,Avisail Garcia
161,2019-05-03 17:35:15,189,Greg Garcia
162,2019-05-03 17:35:17,259,Leury Garcia
163,2019-05-03 17:35:21,2884,Brett Gardner
164,2019-05-03 17:35:23,843,Mitch Garver
165,2019-05-03 17:35:26,15384,Paul Goldschmidt
166,2019-05-03 17:35:29,1513,Yan Gomes
167,2019-05-03 17:35:31,8360,Carlos Gonzalez
168,2019-05-03 17:35:35,356,Erik Gonzalez
169,2019-05-03 17:35:37,964,Marwin Gonzalez
170,2019-05-03 17:35:40,670,Niko Goodrum
171,2019-05-03 17:35:43,762,Brian Goodwin
172,2019-05-03 17:35:45,6163,Alex Gordon
173,2019-05-03 17:35:48,5547,Dee Gordon
174,2019-05-03 17:35:51,301,Terrance Gore
175,2019-05-03 17:35:53,113,Phil Gosselin
176,2019-05-03 17:35:57,2159,Yasmani Grandal
177,2019-05-03 17:36:00,5572,Curtis Granderson
178,2019-05-03 17:36:03,471,Grayson Greiner
179,2019-05-03 17:36:05,2057,Randal Grichuk
180,2019-05-03 17:36:08,971,Robbie Grossman
181,2019-05-03 17:36:12,7246,Vladimir Guerrero Jr.
182,2019-05-03 17:36:15,512,Luis Guillorme
183,2019-05-03 17:36:18,2079,Lourdes Gurriel Jr.
184,2019-05-03 17:36:22,1845,Yuli Gurriel
185,2019-05-03 17:36:25,116,Kelvin Gutierrez
186,2019-05-03 17:36:28,1640,Ronald Guzman
187,2019-05-03 17:36:32,2126,Jedd Gyorko
188,2019-05-03 17:36:35,5955,Billy Hamilton
189,2019-05-03 17:36:38,916,Garrett Hampson
190,2019-05-03 17:36:45,3555,Mitch Haniger
191,2019-05-03 17:36:48,1622,Alen Hanson
192,2019-05-03 17:36:52,37658,Bryce Harper
193,2019-05-03 17:36:56,2613,Josh Harrison
194,2019-05-03 17:36:59,176,Ryon Healy
195,2019-05-03 17:37:02,1640,Austin Hedges
196,2019-05-03 17:37:05,352,Ryan Helsley
197,2019-05-03 17:37:09,299,Guillermo Heredia
198,2019-05-03 17:37:13,1081,Cesar Hernandez
199,2019-05-03 17:37:22,1139,Enrique Hernandez
200,2019-05-03 17:37:26,1931,Teoscar Hernandez
201,2019-05-03 17:37:29,3286,Odubel Herrera
202,2019-05-03 17:37:32,695,Rosell Herrera
203,2019-05-03 17:37:34,7715,Jason Heyward
204,2019-05-03 17:37:36,421,John Hicks
205,2019-05-03 17:37:39,152,Kyle Higashioka
206,2019-05-03 17:37:42,2387,Jeff Hoffman
207,2019-05-03 17:37:44,1294,Brock Holt
208,2019-05-03 17:37:46,11286,Rhys Hoskins
209,2019-05-03 17:37:49,10045,Eric Hosmer
210,2019-05-03 17:37:51,971,Nick Hundley
211,2019-05-03 17:37:54,1220,Chris Iannetta
212,2019-05-03 17:37:56,1465,Jose Iglesias
213,2019-05-03 17:37:59,2014,Ender Inciarte
214,2019-05-03 17:38:01,1574,Alex Jackson
215,2019-05-03 17:38:03,981,Drew Jackson
216,2019-05-03 17:38:06,940,Danny Jansen
217,2019-05-03 17:38:08,5663,Eloy Jimenez
218,2019-05-03 17:38:11,299,Connor Joe
219,2019-05-03 17:38:14,11372,Adam Jones
220,2019-05-03 17:38:16,2711,JaCoby Jones
221,2019-05-03 17:38:19,569,Caleb Joseph
222,2019-05-03 17:38:22,51,Matthew Joyce
223,2019-05-03 17:38:25,40304,Aaron Judge
224,2019-05-03 17:38:27,1374,Jung Ho Kang
225,2019-05-03 17:38:30,1178,Carson Kelly
226,2019-05-03 17:38:33,10741,Matt Kemp
227,2019-05-03 17:38:35,532,Tony Kemp
228,2019-05-03 17:38:39,2939,Howie Kendrick
229,2019-05-03 17:38:42,2708,Max Kepler
230,2019-05-03 17:38:44,2335,Carter Kieboom
231,2019-05-03 17:38:47,3359,Kevin Kiermaier
232,2019-05-03 17:38:50,860,Isiah Kiner-Falefa
233,2019-05-03 17:38:52,4771,Scott Kingery
234,2019-05-03 17:38:55,7357,Ian Kinsler
235,2019-05-03 17:38:58,4442,Jason Kipnis
236,2019-05-03 17:39:01,521,Andrew Knapp
237,2019-05-03 17:39:03,177,Matt Koch
238,2019-05-03 17:39:06,96,Erik Kratz
239,2019-05-03 17:39:08,362,Tommy La Stella
240,2019-05-03 17:39:11,968,Juan Lagares
241,2019-05-03 17:39:14,4372,Jake Lamb
242,2019-05-03 17:39:16,876,Ramon Laureano
243,2019-05-03 17:39:19,2744,DJ LeMahieu
244,2019-05-03 17:39:21,111,Sandy Leon
245,2019-05-03 17:39:24,563,Tzu-Wei Lin
246,2019-05-03 17:39:26,15834,Francisco Lindor
247,2019-05-03 17:39:29,397,Tim Locastro
248,2019-05-03 17:39:32,14081,Evan Longoria
249,2019-05-03 17:39:35,1374,Michael Lorenzen
250,2019-05-03 17:39:37,969,Brandon Lowe
251,2019-05-03 17:39:40,3267,Jonathan Lucroy
252,2019-05-03 17:39:43,530,Jordan Luplow
253,2019-05-03 17:39:45,21087,Manny Machado
254,2019-05-03 17:39:48,798,Mikie Mahtook
255,2019-05-03 17:39:51,262,Luke Maile
256,2019-05-03 17:39:54,713,Martin Maldonado
257,2019-05-03 17:39:57,5419,Trey Mancini
258,2019-05-03 17:39:59,2188,Manuel Margot
259,2019-05-03 17:40:02,1675,Jake Marisnick
260,2019-05-03 17:40:05,4980,Nick Markakis
261,2019-05-03 17:40:07,1939,Ketel Marte
262,2019-05-03 17:40:09,6227,Starling Marte
263,2019-05-03 17:40:12,529,Jason Martin
264,2019-05-03 17:40:15,1152,Leonys Martin
265,2019-05-03 17:40:18,807,Richie Martin
266,2019-05-03 17:40:20,4251,Russell Martin
267,2019-05-03 17:40:22,7909,J.D. Martinez
268,2019-05-03 17:40:26,1647,Jose Martinez
269,2019-05-03 17:40:30,918,Jeff Mathis
270,2019-05-03 17:40:33,25,Phil Maton
271,2019-05-03 17:40:35,2773,Cameron Maybin
272,2019-05-03 17:40:38,5058,Nomar Mazara
273,2019-05-03 17:40:41,5463,Brian McCann
274,2019-05-03 17:40:44,1221,James McCann
275,2019-05-03 17:40:46,12976,Andrew McCutchen
276,2019-05-03 17:40:49,1365,Billy McKinney
277,2019-05-03 17:40:52,4164,Ryan McMahon
278,2019-05-03 17:40:55,991,Jeff McNeil
279,2019-05-03 17:40:58,5959,Austin Meadows
280,2019-05-03 17:41:02,5618,Francisco Mejia
281,2019-05-03 17:41:05,853,Jordy Mercer
282,2019-05-03 17:41:08,2244,Whit Merrifield
283,2019-05-03 17:41:11,3306,Brad Miller
284,2019-05-03 17:41:15,12329,Yadier Molina
285,2019-05-03 17:41:18,10019,Yoan Moncada
286,2019-05-03 17:41:21,1226,Adalberto Mondesi
287,2019-05-03 17:41:24,137,Dylan Moore
288,2019-05-03 17:41:27,3948,Kendrys Morales
289,2019-05-03 17:41:30,1860,Colin Moran
290,2019-05-03 17:41:34,2019,Mitch Moreland
291,2019-05-03 17:41:37,7,Max Moroff
292,2019-05-03 17:41:37,7,Mike Moustakas
293,2019-05-03 17:41:40,1191,Cedric Mullins
294,2019-05-03 17:41:44,1464,Max Muncy
295,2019-05-03 17:41:47,595,Yairo Munoz
296,2019-05-03 17:41:54,5559,Daniel Murphy
297,2019-05-03 17:41:57,266,John Ryan Murphy
298,2019-05-03 17:42:01,2520,Tom Murphy
299,2019-05-03 17:42:10,9042,Wil Myers
300,2019-05-03 17:42:14,2433,Tyler Naquin
301,2019-05-03 17:42:16,19,Omar Narvaez
302,2019-05-03 17:42:17,19,Sean Newcomb
303,2019-05-03 17:42:19,2383,Kevin Newman
304,2019-05-03 17:42:21,1611,Tomas Nido
305,2019-05-03 17:42:23,2080,Brandon Nimmo
306,2019-05-03 17:42:25,6,Jake Noll
307,2019-05-03 17:42:27,1628,Eduardo Nunez
308,2019-05-03 17:42:30,1713,Renato Nunez
309,2019-05-03 17:42:34,1936,Peter O'Brien
310,2019-05-03 17:42:36,1316,Ryan O'Hearn
311,2019-05-03 17:42:39,2822,Tyler O'Neill
312,2019-05-03 17:42:42,3722,Rougned Odor
313,2019-05-03 17:42:45,6036,Matt Olson
314,2019-05-03 17:42:47,2170,Chris Owings
315,2019-05-03 17:42:49,6253,Marcell Ozuna
316,2019-05-03 17:42:51,1167,Daniel Palka
317,2019-05-03 17:42:55,2843,Joe Panik
318,2019-05-03 17:42:57,1434,Gerardo Parra
319,2019-05-03 17:42:59,1701,Steve Pearce
320,2019-05-03 17:43:02,6208,Joc Pederson
321,2019-05-03 17:43:05,10730,Dustin Pedroia
322,2019-05-03 17:43:09,7172,Hunter Pence
323,2019-05-03 17:43:11,1641,David Peralta
324,2019-05-03 17:43:16,2299,Jose Peraza
325,2019-05-03 17:43:18,482,Hernan Perez
326,2019-05-03 17:43:21,216,Michael Perez
327,2019-05-03 17:43:23,295,Roberto Perez
328,2019-05-03 17:43:25,280,Dustin Peterson
329,2019-05-03 17:43:28,2463,Tommy Pham
330,2019-05-03 17:43:30,418,Josh Phegley
331,2019-05-03 17:43:33,2512,Kevin Pillar
332,2019-05-03 17:43:36,320,Manny Pina
333,2019-05-03 17:43:38,1712,Chad Pinder
334,2019-05-03 17:43:41,614,Jose Pirela
335,2019-05-03 17:43:43,6230,Stephen Piscotty
336,2019-05-03 17:43:45,1174,Kevin Plawecki
337,2019-05-03 17:43:48,5658,Gregory Polanco
338,2019-05-03 17:43:52,1173,Jorge Polanco
339,2019-05-03 17:43:54,2850,A.J. Pollock
340,2019-05-03 17:43:56,143,Daniel Ponce de Leon
341,2019-05-03 17:43:59,20066,Buster Posey
342,2019-05-03 17:44:01,2562,Martin Prado
343,2019-05-03 17:44:18,3562,Jurickson Profar
344,2019-05-03 17:44:20,9749,Yasiel Puig
345,2019-05-03 17:44:23,31258,Albert Pujols
346,2019-05-03 17:44:26,1583,Roman Quinn
347,2019-05-03 17:44:28,11429,Hanley Ramirez
348,2019-05-03 17:44:31,6974,Jose Ramirez
349,2019-05-03 17:44:34,1880,Wilson Ramos
350,2019-05-03 17:44:36,1994,J.T. Realmuto
351,2019-05-03 17:44:39,3103,Josh Reddick
352,2019-05-03 17:44:42,508,Michael Reed
353,2019-05-03 17:44:44,4586,Anthony Rendon
354,2019-05-03 17:44:46,5721,Hunter Renfroe
355,2019-05-03 17:44:49,2,Luis Rengifo
356,2019-05-03 17:44:52,782,Franmil Reyes
357,2019-05-03 17:44:54,9,Pablo Reyes
358,2019-05-03 17:44:57,541,Bryan Reynolds
359,2019-05-03 17:44:59,2732,Mark Reynolds
360,2019-05-03 17:45:02,663,Joey Rickard
361,2019-05-03 17:45:05,395,JT Riddle
362,2019-05-03 17:45:07,15323,Anthony Rizzo
363,2019-05-03 17:45:10,1487,Daniel Robertson
364,2019-05-03 17:45:13,223,Drew Robinson
365,2019-05-03 17:45:16,7972,Victor Robles
366,2019-05-03 17:45:19,198,Ronny Rodriguez
367,2019-05-03 17:45:21,705,Sean Rodriguez
368,2019-05-03 17:45:24,444,Miguel Rojas
369,2019-05-03 17:45:27,904,Austin Romine
370,2019-05-03 17:45:29,449,Jose Rondon
371,2019-05-03 17:45:31,8177,Amed Rosario
372,2019-05-03 17:45:35,2819,Eddie Rosario
373,2019-05-03 17:45:37,114,Randy Rosario
374,2019-05-03 17:45:40,859,Rio Ruiz
375,2019-05-03 17:45:43,491,Tyler Saladino
376,2019-05-03 17:45:46,11349,Gary Sanchez
377,2019-05-03 17:45:48,641,Yolmer Sanchez
378,2019-05-03 17:45:52,4552,Pablo Sandoval
379,2019-05-03 17:45:54,6058,Carlos Santana
380,2019-05-03 17:45:57,919,Danny Santana
381,2019-05-03 17:46:00,962,Dennis Santana
382,2019-05-03 17:46:03,1877,Domingo Santana
383,2019-05-03 17:46:07,988,Scott Schebler
384,2019-05-03 17:46:09,3780,Jonathan Schoop
385,2019-05-03 17:46:12,10030,Kyle Schwarber
386,2019-05-03 17:46:15,76,Frank Schwindel
387,2019-05-03 17:46:19,15051,Corey Seager
388,2019-05-03 17:46:21,4964,Jean Segura
389,2019-05-03 17:46:25,1988,Marcus Semien
390,2019-05-03 17:46:28,484,Pedro Severino
391,2019-05-03 17:46:31,137,Paul Sewald
392,2019-05-03 17:46:35,2013,Travis Shaw
393,2019-05-03 17:46:38,170,JB Shuck
394,2019-05-03 17:46:41,3440,Andrelton Simmons
395,2019-05-03 17:46:45,5066,Dominic Smith
396,2019-05-03 17:46:48,274,Dwight Smith Jr.
397,2019-05-03 17:46:52,88,Kevan Smith
398,2019-05-03 17:46:56,1334,Mallex Smith
399,2019-05-03 17:47:06,2475,Justin Smoak
400,2019-05-03 17:47:08,334,Chad Sobotka
401,2019-05-03 17:47:11,801,Eric Sogard
402,2019-05-03 17:47:13,1642,Yangervis Solarte
403,2019-05-03 17:47:15,5013,Jorge Soler
404,2019-05-03 17:47:18,10050,Juan Soto
405,2019-05-03 17:47:20,12847,George Springer
406,2019-05-03 17:47:23,52,Jacob Stallings
407,2019-05-03 17:47:25,84,Eric Stamets
408,2019-05-03 17:47:37,20970,Giancarlo Stanton
409,2019-05-03 17:47:39,558,Max Stassi
410,2019-05-03 17:47:41,60,Brock Stewart
411,2019-05-03 17:47:44,2176,Christin Stewart
412,2019-05-03 17:47:47,7986,Trevor Story
413,2019-05-03 17:47:50,1889,Eugenio Suarez
414,2019-05-03 17:47:52,82,Jesus Sucre
415,2019-05-03 17:47:54,21563,Ichiro Suzuki
416,2019-05-03 17:47:57,1936,Kurt Suzuki
417,2019-05-03 17:47:59,8472,Dansby Swanson
418,2019-05-03 17:48:02,2003,Blake Swihart
419,2019-05-03 17:48:05,2696,Raimel Tapia
420,2019-05-03 17:48:07,3652,Fernando Tatis Jr.
421,2019-05-03 17:48:09,142,Mike Tauchman
422,2019-05-03 17:48:12,2475,Chris Taylor
423,2019-05-03 17:48:14,196,Michael A. Taylor
424,2019-05-03 17:48:16,1255,Rowdy Tellez
425,2019-05-03 17:48:19,3407,Eric Thames
426,2019-05-03 17:48:21,327,Lane Thomas
427,2019-05-03 17:48:24,17529,Gleyber Torres
428,2019-05-03 17:48:26,1067,Sam Travis
429,2019-05-03 17:48:28,40959,Mike Trout
430,2019-05-03 17:48:31,1005,Cole Tucker
431,2019-05-03 17:48:34,10950,Troy Tulowitzki
432,2019-05-03 17:48:37,4486,Justin Turner
433,2019-05-03 17:48:39,8417,Trea Turner
434,2019-05-03 17:48:42,2176,Richard Urena
435,2019-05-03 17:48:44,2956,Luis Urias
436,2019-05-03 17:48:46,24,Gio Urshela
437,2019-05-03 17:48:47,24,Pat Valaika
438,2019-05-03 17:48:49,209,Ildemaro Vargas
439,2019-05-03 17:48:52,795,Christian Vazquez
440,2019-05-03 17:48:54,628,Felipe Vazquez
441,2019-05-03 17:48:57,5128,Alex Verdugo
442,2019-05-03 17:48:59,2373,Jonathan Villar
443,2019-05-03 17:49:02,444,Daniel Vogelbach
444,2019-05-03 17:49:04,579,Luke Voit
445,2019-05-03 17:49:07,14178,Joey Votto
446,2019-05-03 17:49:10,1989,Tyler Wade
447,2019-05-03 17:49:13,702,Christian Walker
448,2019-05-03 17:49:15,2249,Neil Walker
449,2019-05-03 17:49:17,31,Chad Wallach
450,2019-05-03 17:49:20,2039,Taylor Ward
451,2019-05-03 17:49:22,561,Joey Wendle
452,2019-05-03 17:49:25,2857,Tyler White
453,2019-05-03 17:49:27,10,Brad Wieck
454,2019-05-03 17:49:29,1650,Matt Wieters
455,2019-05-03 17:49:32,161,Aaron Wilkerson
456,2019-05-03 17:49:35,14,Stevie Wilkerson
457,2019-05-03 17:49:37,4787,Nick Williams
458,2019-05-03 17:49:40,1052,Bryse Wilson
459,2019-05-03 17:49:43,2291,Jesse Winker
460,2019-05-03 17:49:46,668,Patrick Wisdom
461,2019-05-03 17:49:48,743,Tony Wolters
462,2019-05-03 17:49:51,3727,Kolten Wong
463,2019-05-03 17:49:54,10836,Christian Yelich
464,2019-05-03 17:49:57,742,Mark Zagunis
465,2019-05-03 17:50:00,8820,Ryan Zimmerman
466,2019-05-03 17:50:03,4090,Ben Zobrist
467,2019-05-03 17:50:06,2972,Mike Zunino
468,2019-05-03 17:50:08,334,Matt Albers
469,2019-05-03 17:50:12,2494,Sandy Alcantara
470,2019-05-03 17:50:14,288,Victor Alcantara
471,2019-05-03 17:50:17,168,Scott Alexander
472,2019-05-03 17:50:20,1226,Cody Allen
473,2019-05-03 17:50:22,49,Jose Alvarado
474,2019-05-03 17:50:25,302,Jose Alvarez
475,2019-05-03 17:50:28,1524,Brett Anderson
476,2019-05-03 17:50:31,1053,Chase Anderson
477,2019-05-03 17:50:35,1359,Justin Anderson
478,2019-05-03 17:50:38,783,Tyler Anderson
479,2019-05-03 17:50:42,287,Matt Andriese
480,2019-05-03 17:50:46,925,Victor Arano
481,2019-05-03 17:50:50,6004,Chris Archer
482,2019-05-03 17:50:53,90,Shawn Armstrong
483,2019-05-03 17:50:57,6705,Jake Arrieta
484,2019-05-03 17:51:01,194,Luis Avilan
485,2019-05-03 17:51:05,215,Pedro Baez
486,2019-05-03 17:51:09,1636,Homer Bailey
487,2019-05-03 17:51:12,837,Manny Banuelos
488,2019-05-03 17:51:15,181,Luke Bard
489,2019-05-03 17:51:18,6,Scott Barlow
490,2019-05-03 17:51:22,292,Jacob Barnes
491,2019-05-03 17:51:26,2812,Matt Barnes
492,2019-05-03 17:51:30,673,Jaime Barria
493,2019-05-03 17:51:33,3960,Trevor Bauer
494,2019-05-03 17:51:36,524,Cam Bedrosian
495,2019-05-03 17:51:40,120,Jalen Beeks
496,2019-05-03 17:51:44,0,Travis Bergen
497,2019-05-03 17:51:48,5030,Jose Berrios
498,2019-05-03 17:51:52,1196,Chad Bettis
499,2019-05-03 17:52:03,114,Joe Biagini
500,2019-05-03 17:52:06,1332,Jesse Biddle
501,2019-05-03 17:52:09,1055,Shane Bieber
502,2019-05-03 17:52:11,911,Brad Boxberger
503,2019-05-03 17:52:14,342,Matthew Boyd
504,2019-05-03 17:52:17,495,Brad Brach
505,2019-05-03 17:52:20,3413,Archie Bradley
506,2019-05-03 17:52:22,127,Steven Brault
507,2019-05-03 17:52:27,90,John Brebbia
508,2019-05-03 17:52:29,92,Brandon Brennan
509,2019-05-03 17:52:31,1,Colten Brewer
510,2019-05-03 17:52:32,1,Zack Britton
511,2019-05-03 17:52:34,4797,Aaron Brooks
512,2019-05-03 17:52:37,3217,Clay Buchholz
513,2019-05-03 17:52:40,72,Ryan Buchter
514,2019-05-03 17:52:42,6602,Walker Buehler
515,2019-05-03 17:52:45,9309,Madison Bumgarner
516,2019-05-03 17:52:47,3239,Dylan Bundy
517,2019-05-03 17:52:50,854,Nick Burdi
518,2019-05-03 17:52:52,1679,Corbin Burnes
519,2019-05-03 17:52:56,498,Ryan Burr
520,2019-05-03 17:52:58,524,Ty Buttrey
521,2019-05-03 17:53:01,1986,Trevor Cahill
522,2019-05-03 17:53:04,3348,Carlos Carrasco
523,2019-05-03 17:53:07,2411,Andrew Cashner
524,2019-05-03 17:53:09,198,Diego Castillo
525,2019-05-03 17:53:12,4432,Luis Castillo
526,2019-05-03 17:53:15,358,Miguel Castro
527,2019-05-03 17:53:17,1396,Jhoulys Chacin
528,2019-05-03 17:53:20,112,Andrew Chafin
529,2019-05-03 17:53:23,7267,Aroldis Chapman
530,2019-05-03 17:53:26,1338,Wei-Yin Chen
531,2019-05-03 17:53:29,214,Yonny Chirinos
532,2019-05-03 17:53:31,102,Adam Cimber
533,2019-05-03 17:53:34,1023,Steve Cishek
534,2019-05-03 17:53:36,153,Alex Claudio
535,2019-05-03 17:53:39,2126,Alex Cobb
536,2019-05-03 17:53:42,8190,Gerrit Cole
537,2019-05-03 17:53:45,1705,Alex Colome
538,2019-05-03 17:53:48,624,Adam Conley
539,2019-05-03 17:53:50,2147,Patrick Corbin
540,2019-05-03 17:53:53,83,Dylan Covey
541,2019-05-03 17:53:56,1131,Kyle Crick
542,2019-05-03 17:53:59,10830,Yu Darvish
543,2019-05-03 17:54:01,1352,Zach Davies
544,2019-05-03 17:54:05,2993,Wade Davis
545,2019-05-03 17:54:08,10884,Jacob deGrom
546,2019-05-03 17:54:11,813,Anthony DeSclafani
547,2019-05-03 17:54:14,198,Jake Diekman
548,2019-05-03 17:54:16,443,Seranthony Dominguez
549,2019-05-03 17:54:20,2891,Sean Doolittle
550,2019-05-03 17:54:22,6,Kyle Dowdy
551,2019-05-03 17:54:25,1961,Danny Duffy
552,2019-05-03 17:54:28,1374,Zach Duke
553,2019-05-03 17:54:31,1191,Carl Edwards Jr.
554,2019-05-03 17:54:35,13,Jon Edwards
555,2019-05-03 17:54:38,305,Zach Eflin
556,2019-05-03 17:54:40,539,Jerad Eickhoff
557,2019-05-03 17:54:43,562,Roenis Elias
558,2019-05-03 17:54:46,922,Marco Estrada
559,2019-05-03 17:54:49,2144,Jeurys Familia
560,2019-05-03 17:54:53,710,Buck Farmer
561,2019-05-03 17:54:55,228,Caleb Ferguson
562,2019-05-03 17:54:58,898,Mike Fiers
563,2019-05-03 17:55:01,532,Heath Fillmyer
564,2019-05-03 17:55:03,4632,Jack Flaherty
565,2019-05-03 17:55:07,501,Chris Flexen
566,2019-05-03 17:55:10,110,Wilmer Font
567,2019-05-03 17:55:14,2248,Kyle Freeland
568,2019-05-03 17:55:17,2447,Max Fried
569,2019-05-03 17:55:20,270,Jace Fry
570,2019-05-03 17:55:22,77,Paul Fry
571,2019-05-03 17:55:26,3088,Carson Fulmer
572,2019-05-03 17:55:28,79,Giovanny Gallegos
573,2019-05-03 17:55:32,226,John Gant
574,2019-05-03 17:55:35,1155,Luis Garcia
575,2019-05-03 17:55:39,655,Yimi Garcia
576,2019-05-03 17:55:42,1726,Amir Garrett
577,2019-05-03 17:55:44,3249,Kevin Gausman
578,2019-05-03 17:55:48,210,Sam Gaviglio
579,2019-05-03 17:55:51,219,Cory Gearrin
580,2019-05-03 17:55:54,279,Domingo German
581,2019-05-03 17:55:58,1576,Kyle Gibson
582,2019-05-03 17:56:01,1397,Ken Giles
583,2019-05-03 17:56:06,4768,Lucas Giolito
584,2019-05-03 17:56:09,4466,Tyler Glasnow
585,2019-05-03 17:56:12,1238,Zack Godley
586,2019-05-03 17:56:16,948,Marco Gonzales
587,2019-05-03 17:56:20,181,Trevor Gott
588,2019-05-03 17:56:24,59,Matt Grace
589,2019-05-03 17:56:29,3597,Jon Gray
590,2019-05-03 17:56:33,5743,Sonny Gray
591,2019-05-03 17:56:37,1124,Chad Green
592,2019-05-03 17:56:41,1040,Shane Greene
593,2019-05-03 17:56:44,9603,Zack Greinke
594,2019-05-03 17:56:48,356,Junior Guerra
595,2019-05-03 17:56:53,198,Tayron Guerrero
596,2019-05-03 17:56:56,3189,Josh Hader
597,2019-05-03 17:57:01,8846,Cole Hamels
598,2019-05-03 17:57:04,1252,Brad Hand
599,2019-05-03 17:57:15,1745,J.A. Happ
600,2019-05-03 17:57:18,61,Blaine Hardy
601,2019-05-03 17:57:21,5543,Matt Harvey
602,2019-05-03 17:57:23,50,Taylor Hearn
603,2019-05-03 17:57:25,2378,Jeremy Hellickson
604,2019-05-03 17:57:28,2034,Kyle Hendricks
605,2019-05-03 17:57:31,427,David Hernandez
606,2019-05-03 17:57:33,14326,Felix Hernandez
607,2019-05-03 17:57:36,171,David Hess
608,2019-05-03 17:57:44,2510,Jordan Hicks
609,2019-05-03 17:57:47,33,Trevor Hildenberger
610,2019-05-03 17:57:49,357,Yoshihisa Hirano
611,2019-05-03 17:57:52,183,Jonathan Holder
612,2019-05-03 17:57:55,1864,Derek Holland
613,2019-05-03 17:57:58,171,Adrian Houser
614,2019-05-03 17:58:01,977,Dakota Hudson
615,2019-05-03 17:58:04,1296,Daniel Hudson
616,2019-05-03 17:58:07,427,Jared Hughes
617,2019-05-03 17:58:10,2305,Raisel Iglesias
618,2019-05-03 17:58:13,1789,Luke Jackson
619,2019-05-03 17:58:16,3855,Kenley Jansen
620,2019-05-03 17:58:19,1536,Joe Jimenez
621,2019-05-03 17:58:21,1767,Brian Johnson
622,2019-05-03 17:58:25,1195,DJ Johnson
623,2019-05-03 17:58:28,579,Nate Jones
624,2019-05-03 17:58:30,377,Jakob Junis
625,2019-05-03 17:58:34,292,Tommy Kahnle
626,2019-05-03 17:58:38,540,Keone Kela
627,2019-05-03 17:58:41,880,Brad Keller
628,2019-05-03 17:58:44,1050,Joe Kelly
629,2019-05-03 17:58:47,2,Merrill Kelly
630,2019-05-03 17:58:47,2,Clayton Kershaw
631,2019-05-03 17:58:50,1159,Yusei Kikuchi
632,2019-05-03 17:58:54,1403,Nick Kingham
633,2019-05-03 17:58:57,9797,Corey Kluber
634,2019-05-03 17:59:00,16,Adam Kolarek
635,2019-05-03 17:59:04,754,Eric Lauer
636,2019-05-03 17:59:11,2192,Mike Leake
637,2019-05-03 17:59:17,756,Wade LeBlanc
638,2019-05-03 17:59:19,378,Jose Leclerc
639,2019-05-03 17:59:22,7691,Jon Lester
640,2019-05-03 17:59:25,800,Jonathan Loaisiga
641,2019-05-03 17:59:27,638,Jorge Lopez
642,2019-05-03 17:59:30,446,Pablo Lopez
643,2019-05-03 17:59:33,2622,Reynaldo Lopez
644,2019-05-03 17:59:36,1250,Joey Lucchesi
645,2019-05-03 17:59:39,1495,Seth Lugo
646,2019-05-03 17:59:42,491,Jordan Lyles
647,2019-05-03 17:59:45,1715,Lance Lynn
648,2019-05-03 17:59:48,4435,Kenta Maeda
649,2019-05-03 17:59:51,2269,Tyler Mahle
650,2019-05-03 17:59:54,47,Nick Margevicius
651,2019-05-03 17:59:57,1610,German Marquez
652,2019-05-03 18:00:00,495,Chris Martin
653,2019-05-03 18:00:04,3239,Steven Matz
654,2019-05-03 18:00:07,1221,Trevor May
655,2019-05-03 18:00:09,262,Mike Mayers
656,2019-05-03 18:00:14,191,Kevin McCarthy
657,2019-05-03 18:00:17,887,Collin McHugh
658,2019-05-03 18:00:20,10,John Means
659,2019-05-03 18:00:23,820,Adalberto Mejia
660,2019-05-03 18:00:25,1537,Miles Mikolas
661,2019-05-03 18:00:28,1643,Wade Miley
662,2019-05-03 18:00:31,4053,Andrew Miller
663,2019-05-03 18:00:34,4227,Shelby Miller
664,2019-05-03 18:00:37,4455,Mike Minor
665,2019-05-03 18:00:39,1078,A.J. Minter
666,2019-05-03 18:00:42,1052,Frankie Montas
667,2019-05-03 18:00:45,450,Reyes Moronta
668,2019-05-03 18:00:48,925,Charlie Morton
669,2019-05-03 18:00:51,2247,Joe Musgrove
670,2019-05-03 18:00:53,480,Hector Neris
671,2019-05-03 18:00:56,1369,Pat Neshek
672,2019-05-03 18:00:59,498,Juan Nicasio
673,2019-05-03 18:01:02,6706,Aaron Nola
674,2019-05-03 18:01:06,1760,Daniel Norris
675,2019-05-03 18:01:09,1912,Ivan Nova
676,2019-05-03 18:01:12,2715,Jake Odorizzi
677,2019-05-03 18:01:14,899,Seunghwan Oh
678,2019-05-03 18:01:17,100,Corey Oswalt
679,2019-05-03 18:01:20,626,Adam Ottavino
680,2019-05-03 18:01:24,554,Chris Paddack
681,2019-05-03 18:01:27,20,Thomas Pannone
682,2019-05-03 18:01:30,343,Blake Parker
683,2019-05-03 18:01:33,223,Wes Parsons
684,2019-05-03 18:01:37,2996,James Paxton
685,2019-05-03 18:01:40,1140,Brad Peacock
686,2019-05-03 18:01:43,13,Felix Pena
687,2019-05-03 18:01:46,1391,Freddy Peralta
688,2019-05-03 18:01:49,1131,Wily Peralta
689,2019-05-03 18:01:53,1231,Martin Perez
690,2019-05-03 18:01:56,635,Yusmeiro Petit
691,2019-05-03 18:02:00,2396,Michael Pineda
692,2019-05-03 18:02:03,550,Nick Pivetta
693,2019-05-03 18:02:07,2205,Drew Pomeranz
694,2019-05-03 18:02:10,3702,Rick Porcello
695,2019-05-03 18:02:14,9854,David Price
696,2019-05-03 18:02:17,2236,Jose Quintana
697,2019-05-03 18:02:21,269,Neil Ramirez
698,2019-05-03 18:02:24,110,Noe Ramirez
699,2019-05-03 18:02:34,2198,Robbie Ray
700,2019-05-03 18:02:37,1749,Sean Reid-Foley
701,2019-05-03 18:02:40,4142,Alex Reyes
702,2019-05-03 18:02:43,3,Gerardo Reyes
703,2019-05-03 18:02:43,3,Trevor Richards
704,2019-05-03 18:02:45,1350,Tanner Roark
705,2019-05-03 18:02:48,1564,David Robertson
706,2019-05-03 18:02:50,282,Hansel Robles
707,2019-05-03 18:02:53,2098,Fernando Rodney
708,2019-05-03 18:02:56,3576,Carlos Rodon
709,2019-05-03 18:02:59,704,Dereck Rodriguez
710,2019-05-03 18:03:02,2237,Eduardo Rodriguez
711,2019-05-03 18:03:05,54,Jefry Rodriguez
712,2019-05-03 18:03:08,51,Richard Rodriguez
713,2019-05-03 18:03:10,140,Chaz Roe
714,2019-05-03 18:03:13,1091,Sergio Romo
715,2019-05-03 18:03:16,994,Hector Rondon
716,2019-05-03 18:03:18,1553,Trevor Rosenthal
717,2019-05-03 18:03:20,2085,Tyson Ross
718,2019-05-03 18:03:23,5,Zac Rosscup
719,2019-05-03 18:03:27,2867,Hyun-Jin Ryu
720,2019-05-03 18:03:29,9903,CC Sabathia
721,2019-05-03 18:03:32,14994,Chris Sale
722,2019-05-03 18:03:35,2530,Jeff Samardzija
723,2019-05-03 18:03:37,189,Adrian Sampson
724,2019-05-03 18:03:40,3009,Aaron Sanchez
725,2019-05-03 18:03:43,2120,Anibal Sanchez
726,2019-05-03 18:03:47,3316,Ervin Santana
727,2019-05-03 18:03:49,15261,Max Scherzer
728,2019-05-03 18:03:52,1871,Antonio Senzatela
729,2019-05-03 18:03:55,533,Bryan Shaw
730,2019-05-03 18:03:58,1297,Matt Shoemaker
731,2019-05-03 18:04:01,134,Tony Sipp
732,2019-05-03 18:04:03,2608,Tyler Skaggs
733,2019-05-03 18:04:06,37,Caleb Smith
734,2019-05-03 18:04:08,1323,Drew Smyly
735,2019-05-03 18:04:11,5632,Blake Snell
736,2019-05-03 18:04:14,1261,Joakim Soria
737,2019-05-03 18:04:17,1517,Mike Soroka
738,2019-05-03 18:04:20,11,Glenn Sparkman
739,2019-05-03 18:04:23,136,Jeffrey Springs
740,2019-05-03 18:04:25,156,Craig Stammen
741,2019-05-03 18:04:29,169,Drew Steckenrider
742,2019-05-03 18:04:33,1618,Robert Stephenson
743,2019-05-03 18:04:36,1575,Kohl Stewart
744,2019-05-03 18:04:39,455,Robert Stock
745,2019-05-03 18:04:42,980,Matt Strahm
746,2019-05-03 18:04:44,817,Dan Straily
747,2019-05-03 18:04:48,12866,Stephen Strasburg
748,2019-05-03 18:04:50,1173,Chris Stratton
749,2019-05-03 18:04:53,911,Ross Stripling
750,2019-05-03 18:04:57,5039,Marcus Stroman
751,2019-05-03 18:04:59,680,Pedro Strop
752,2019-05-03 18:05:02,5,Daniel Stumpf
753,2019-05-03 18:05:05,117,Wander Suero
754,2019-05-03 18:05:08,17,Erik Swanson
755,2019-05-03 18:05:12,221,Anthony Swarzak
756,2019-05-03 18:05:14,12932,Noah Syndergaard
757,2019-05-03 18:05:18,4070,Jameson Taillon
758,2019-05-03 18:05:22,7940,Masahiro Tanaka
759,2019-05-03 18:05:25,3789,Julio Teheran
760,2019-05-03 18:05:29,9,Trent Thornton
761,2019-05-03 18:05:32,2018,Touki Toussaint
762,2019-05-03 18:05:35,861,Blake Treinen
763,2019-05-03 18:05:38,406,Lou Trivino
764,2019-05-03 18:05:41,334,Spencer Turnbull
765,2019-05-03 18:05:44,988,Jose Urena
766,2019-05-03 18:05:47,4087,Julio Urias
767,2019-05-03 18:05:50,282,Framber Valdez
768,2019-05-03 18:05:53,1352,Jason Vargas
769,2019-05-03 18:05:56,726,Vince Velasquez
770,2019-05-03 18:05:59,121,Hector Velazquez
771,2019-05-03 18:06:03,71,Drew VerHagen
772,2019-05-03 18:06:06,17155,Justin Verlander
773,2019-05-03 18:06:09,24,Nick Vincent
774,2019-05-03 18:06:13,1160,Arodys Vizcaino
775,2019-05-03 18:06:15,3649,Michael Wacha
776,2019-05-03 18:06:19,6318,Adam Wainwright
777,2019-05-03 18:06:22,187,Marcus Walden
778,2019-05-03 18:06:26,726,Adam Warren
779,2019-05-03 18:06:29,4345,Luke Weaver
780,2019-05-03 18:06:44,2972,Zack Wheeler
781,2019-05-03 18:06:47,458,Taylor Williams
782,2019-05-03 18:06:51,932,Trevor Williams
783,2019-05-03 18:06:54,273,Alex Wilson
784,2019-05-03 18:06:57,420,Justin Wilson
785,2019-05-03 18:07:01,910,Matt Wisler
786,2019-05-03 18:07:05,2051,Brandon Woodruff
787,2019-05-03 18:07:09,71,Brandon Workman
788,2019-05-03 18:07:12,2010,Kyle Wright
789,2019-05-03 18:07:16,319,Mike Wright
790,2019-05-03 18:07:19,24,Jimmy Yacabonis
791,2019-05-03 18:07:22,602,Ryan Yarbrough
792,2019-05-03 18:07:26,1136,Kyle Zimmer
793,2019-05-03 18:07:30,3525,Jordan Zimmermann
