Rk,Name,Age,Tm,Lg,W,L,W-L%,ERA,G,GS,GF,CG,SHO,SV,IP,H,R,ER,HR,BB,IBB,SO,HBP,BK,WP,BF,ERA+,FIP,WHIP,H9,HR9,BB9,SO9,SO/W
1,Austin Adams\adamsau02,28,WSN,NL,0,0,,9.00,1,0,0,0,0,0,1.0,0,1,1,0,2,0,2,1,0,2,6,67,8.13,2.000,0.0,0.0,18.0,18.0,1.00
2,R.J. Alaniz\alanirj01,28,SEA,AL,0,0,,20.25,4,0,1,0,0,0,4.0,11,10,9,3,3,0,6,0,0,0,25,23,12.13,3.500,24.8,6.8,6.8,13.5,2.00
3,Matt Albers\alberma01,36,MIL,NL,2,1,.667,4.76,10,0,1,0,0,0,11.1,11,6,6,3,2,0,12,0,1,0,47,95,4.99,1.147,8.7,2.4,1.6,9.5,6.00
4,Hanser Alberto\alberha01,26,BAL,AL,0,0,,18.00,1,0,1,0,0,0,1.0,1,2,2,1,2,0,0,1,0,0,7,34,25.13,3.000,9.0,9.0,18.0,0.0,0.00
5,Sandy Alcantara\alcansa01,23,MIA,NL,1,2,.333,4.50,5,5,0,0,0,0,28.0,30,15,14,1,12,2,21,0,0,0,123,88,3.38,1.500,9.6,0.3,3.9,6.8,1.75
6,Victor Alcantara\alcanvi01,26,DET,AL,2,0,1.000,3.27,13,0,3,0,0,0,11.0,10,4,4,3,3,0,5,1,0,1,45,147,6.86,1.182,8.2,2.5,2.5,4.1,1.67
7,Scott Alexander*\alexasc02,29,LAD,NL,1,1,.500,3.48,15,0,0,0,0,0,10.1,10,4,4,1,3,1,8,1,0,0,42,123,4.00,1.258,8.7,0.9,2.6,7.0,2.67
8,Cody Allen\allenco01,30,LAA,AL,0,2,.000,6.00,11,0,8,0,0,4,9.0,7,6,6,3,10,0,11,0,0,1,46,77,8.36,1.889,7.0,3.0,10.0,11.0,1.10
9,Yency Almonte\almonye01,25,COL,NL,0,0,,6.23,3,0,1,0,0,0,4.1,4,4,3,0,2,0,1,0,0,0,20,87,4.06,1.385,8.3,0.0,4.2,2.1,0.50
10,Dan Altavilla\altavda01,26,SEA,AL,0,0,,0.00,1,0,0,0,0,0,0.1,1,0,0,0,1,0,0,0,0,1,3,,12.13,6.000,27.0,0.0,27.0,0.0,0.00
11,Aaron Altherr\altheaa01,28,PHI,NL,0,0,,9.00,1,0,1,0,0,0,1.0,2,1,1,0,0,0,2,0,0,0,5,67,-0.87,2.000,18.0,0.0,0.0,18.0,
12,Jose Alvarado*\alvarjo03,24,TBR,AL,0,2,.000,1.50,13,0,7,0,0,4,12.0,8,2,2,0,7,1,19,0,0,1,51,298,1.72,1.250,6.0,0.0,5.3,14.3,2.71
13,Jose Alvarez*\alvarjo02,30,PHI,NL,0,1,.000,7.20,11,0,3,0,0,1,10.0,17,10,8,3,1,0,6,1,0,0,48,64,6.43,1.800,15.3,2.7,0.9,5.4,6.00
14,Brett Anderson*\anderbr04,31,OAK,AL,3,2,.600,4.35,6,6,0,0,0,0,31.0,34,16,15,1,12,1,18,2,0,0,139,101,3.75,1.484,9.9,0.3,3.5,5.2,1.50
15,Chase Anderson\anderch01,31,MIL,NL,2,0,1.000,3.20,7,2,1,0,0,0,19.2,16,7,7,3,9,1,22,0,0,1,83,140,4.25,1.271,7.3,1.4,4.1,10.1,2.44
16,Cody Anderson\anderco01,28,CLE,AL,0,0,,5.40,3,0,2,0,0,0,5.0,7,3,3,0,2,0,5,0,0,2,23,92,2.33,1.800,12.6,0.0,3.6,9.0,2.50
17,Drew Anderson\anderdr02,25,PHI,NL,0,0,,7.50,2,0,1,0,0,0,6.0,6,5,5,1,6,2,6,0,0,0,30,63,6.30,2.000,9.0,1.5,9.0,9.0,1.00
18,Justin Anderson\anderju01,26,LAA,AL,2,0,1.000,3.12,8,0,1,0,0,0,8.2,6,3,3,0,4,0,9,0,0,2,36,149,2.44,1.154,6.2,0.0,4.2,9.3,2.25
19,Nick Anderson\anderni01,28,MIA,NL,0,0,,2.45,11,0,0,0,0,0,11.0,9,3,3,2,2,2,22,1,0,0,45,165,2.31,1.000,7.4,1.6,1.6,18.0,11.00
20,Tyler Anderson*\anderty01,29,COL,NL,0,2,.000,12.00,3,3,0,0,0,0,12.0,22,16,16,3,6,0,9,0,0,0,63,43,6.38,2.333,16.5,2.3,4.5,6.8,1.50
21,Matt Andriese\andrima01,29,ARI,NL,3,1,.750,3.24,9,0,3,0,0,1,16.2,12,6,6,3,8,1,18,2,1,5,71,144,5.11,1.200,6.5,1.6,4.3,9.7,2.25
22,Victor Arano\aranovi01,24,PHI,NL,1,0,1.000,3.86,3,0,1,0,0,0,4.2,2,2,2,1,2,0,7,0,0,0,16,125,4.20,0.857,3.9,1.9,3.9,13.5,3.50
23,Pedro Araujo\araujpe01,25,BAL,AL,0,0,,27.00,1,0,0,0,0,0,0.2,2,2,2,1,1,0,0,0,0,0,4,25,27.13,4.500,27.0,13.5,13.5,0.0,0.00
24,Chris Archer\archech01,30,PIT,NL,1,2,.333,4.33,5,5,0,0,0,0,27.0,23,13,13,5,12,1,29,1,0,0,113,98,4.84,1.296,7.7,1.7,4.0,9.7,2.42
25,Shawn Armstrong\armstsh01,28,SEA,AL,0,1,.000,14.73,4,0,1,0,0,0,3.2,8,6,6,1,3,1,3,1,0,0,23,32,8.31,3.000,19.6,2.5,7.4,7.4,1.00
26,Jake Arrieta\arrieja01,33,PHI,NL,4,2,.667,3.46,6,6,0,0,0,0,39.0,35,16,15,4,15,1,30,2,0,2,161,131,4.24,1.282,8.1,0.9,3.5,6.9,2.00
27,Pedro Avila\avilape01,22,SDP,NL,0,0,,1.69,1,1,0,0,0,0,5.1,4,1,1,0,2,0,5,1,0,0,23,260,2.95,1.125,6.8,0.0,3.4,8.4,2.50
28,Luis Avilan*\avilalu01,29,NYM,NL,1,0,1.000,9.90,10,0,0,0,0,0,10.0,16,11,11,2,5,0,10,1,0,1,51,41,5.53,2.100,14.4,1.8,4.5,9.0,2.00
29,Pedro Baez\baezpe01,31,LAD,NL,2,1,.667,3.94,14,0,2,0,0,0,16.0,10,10,7,1,3,0,16,2,0,0,64,107,2.88,0.813,5.6,0.6,1.7,9.0,5.33
30,Homer Bailey\baileho02,33,KCR,AL,2,2,.500,5.63,5,5,0,0,0,0,24.0,21,15,15,3,11,0,27,0,0,0,101,83,3.88,1.333,7.9,1.1,4.1,10.1,2.45
31,Manny Banuelos*\banuema01,28,CHW,AL,1,0,1.000,2.51,5,1,1,0,0,0,14.1,12,4,4,1,8,0,13,0,0,0,58,182,3.90,1.395,7.5,0.6,5.0,8.2,1.63
32,Luke Bard\bardlu01,28,LAA,AL,0,1,.000,3.38,7,0,3,0,0,0,10.2,9,5,4,3,3,1,12,1,0,1,43,137,5.66,1.125,7.6,2.5,2.5,10.1,4.00
33,Scott Barlow\barlosc01,26,KCR,AL,1,0,1.000,2.31,8,0,2,0,0,1,11.2,10,3,3,2,7,0,15,2,1,0,53,205,5.10,1.457,7.7,1.5,5.4,11.6,2.14
34,Jacob Barnes\barneja01,29,MIL,NL,1,0,1.000,5.73,11,0,1,0,0,0,11.0,10,8,7,1,5,0,13,0,0,0,49,79,3.31,1.364,8.2,0.8,4.1,10.6,2.60
35,Matt Barnes\barnema01,29,BOS,AL,2,0,1.000,2.38,11,0,3,0,0,1,11.1,7,3,3,2,3,0,23,1,0,2,46,199,2.43,0.882,5.6,1.6,2.4,18.3,7.67
36,Kyle Barraclough\barraky01,29,WSN,NL,0,0,,2.08,13,0,2,0,0,0,8.2,9,3,2,1,6,2,9,0,1,0,40,224,4.63,1.731,9.3,1.0,6.2,9.3,1.50
37,Jaime Barria\barrija01,22,LAA,AL,2,2,.500,8.16,4,1,0,0,0,0,14.1,24,13,13,1,3,0,10,1,0,0,67,56,3.48,1.884,15.1,0.6,1.9,6.3,3.33
38,Chris Bassitt\bassich01,30,OAK,AL,1,0,1.000,0.00,1,1,0,0,0,0,5.0,2,0,0,0,4,0,7,1,0,0,21,,3.33,1.200,3.6,0.0,7.2,12.6,1.75
39,Trevor Bauer\bauertr01,28,CLE,AL,3,1,.750,1.99,6,6,0,0,0,0,40.2,23,9,9,3,19,0,45,2,0,0,159,236,3.43,1.033,5.1,0.7,4.2,10.0,2.37
40,Cam Bedrosian\bedroca01,27,LAA,AL,1,1,.500,3.21,13,2,1,0,0,0,14.0,9,6,5,0,9,0,18,2,0,4,60,143,2.92,1.286,5.8,0.0,5.8,11.6,2.00
41,Jalen Beeks*\beeksja02,25,TBR,AL,1,0,1.000,3.32,8,0,3,0,0,1,19.0,20,7,7,1,8,0,20,1,0,0,85,133,3.13,1.474,9.5,0.5,3.8,9.5,2.50
42,Travis Bergen*\bergetr01,25,SFG,NL,2,0,1.000,5.40,10,0,3,0,0,0,8.1,8,5,5,2,4,1,8,0,0,0,35,80,5.77,1.440,8.6,2.2,4.3,8.6,2.00
43,Jose Berrios\berrijo01,25,MIN,AL,4,1,.800,2.97,6,6,0,0,0,0,39.1,30,13,13,6,8,0,41,2,0,1,155,155,3.79,0.966,6.9,1.4,1.8,9.4,5.13
44,Chad Bettis\bettich01,30,COL,NL,1,2,.333,7.50,6,3,1,0,0,0,18.0,24,16,15,3,8,1,11,1,0,0,83,68,5.58,1.778,12.0,1.5,4.0,5.5,1.38
45,Joe Biagini\biagijo01,29,TOR,AL,1,1,.500,3.75,13,0,2,0,0,1,12.0,9,5,5,3,3,1,12,0,0,0,48,122,5.13,1.000,6.8,2.3,2.3,9.0,4.00
46,Jesse Biddle*\biddlje01,27,ATL,NL,0,1,.000,3.18,14,0,1,0,0,0,11.1,14,8,4,1,9,1,11,0,0,2,58,140,4.72,2.029,11.1,0.8,7.1,8.7,1.22
47,Shane Bieber\biebesh01,24,CLE,AL,2,1,.667,3.68,6,5,1,0,0,0,29.1,19,14,12,4,11,0,34,2,0,2,123,128,3.92,1.023,5.8,1.2,3.4,10.4,3.09
48,Kyle Bird*\birdky01,26,TEX,AL,0,0,,6.75,5,0,1,0,0,1,5.1,4,4,4,2,7,0,3,2,0,0,29,79,11.95,2.063,6.8,3.4,11.8,5.1,0.43
49,Richard Bleier*\bleieri01,32,BAL,AL,0,0,,14.54,4,0,1,0,0,1,4.1,9,7,7,2,0,0,4,1,0,0,23,34,7.98,2.077,18.7,4.2,0.0,8.3,
50,Brad Boxberger\boxbebr01,31,KCR,AL,0,3,.000,8.71,11,0,6,0,0,1,10.1,14,10,10,3,8,0,13,0,0,0,51,55,6.71,2.129,12.2,2.6,7.0,11.3,1.63
51,Matthew Boyd*\boydma01,28,DET,AL,2,1,.667,3.16,5,5,0,0,0,0,31.1,23,12,11,2,9,0,39,1,0,1,126,149,2.43,1.021,6.6,0.6,2.6,11.2,4.33
52,Brad Brach\brachbr01,33,CHC,NL,2,0,1.000,3.38,10,0,1,0,0,0,10.2,7,4,4,0,11,0,12,0,0,1,48,136,3.98,1.688,5.9,0.0,9.3,10.1,1.09
53,Chasen Bradford\bradfch02,29,SEA,AL,0,0,,3.86,8,0,4,0,0,1,9.1,10,4,4,2,2,0,6,0,0,1,38,114,5.28,1.286,9.6,1.9,1.9,5.8,3.00
54,Archie Bradley\bradlar01,26,ARI,NL,1,2,.333,1.64,10,0,1,0,0,0,11.0,12,3,2,2,6,0,13,1,0,0,52,288,5.04,1.636,9.8,1.6,4.9,10.6,2.17
55,Ryan Brasier\brasiry01,31,BOS,AL,0,0,,1.46,13,0,9,0,0,6,12.1,9,2,2,2,2,0,11,2,0,1,48,324,4.43,0.892,6.6,1.5,1.5,8.0,5.50
56,Steven Brault*\braulst01,27,PIT,NL,0,1,.000,10.80,3,0,1,0,0,0,6.2,9,8,8,2,4,0,8,1,0,0,33,41,6.88,1.950,12.2,2.7,5.4,10.8,2.00
57,John Brebbia\brebbjo01,29,STL,NL,1,0,1.000,0.60,12,0,2,0,0,0,15.0,5,1,1,1,5,0,18,1,0,0,56,706,2.80,0.667,3.0,0.6,3.0,10.8,3.60
58,Brandon Brennan\brennbr01,27,SEA,AL,1,1,.500,1.13,13,0,2,0,0,0,16.0,9,3,2,1,6,1,16,0,0,4,61,386,3.07,0.938,5.1,0.6,3.4,9.0,2.67
59,Colten Brewer\breweco01,26,BOS,AL,0,2,.000,7.20,12,0,2,0,0,0,10.0,12,8,8,0,7,0,11,0,0,2,49,66,3.03,1.900,10.8,0.0,6.3,9.9,1.57
60,Austin Brice\briceau01,27,MIA,NL,0,0,,2.61,6,0,3,0,0,0,10.1,7,5,3,1,5,0,8,2,0,2,46,156,4.87,1.161,6.1,0.9,4.4,7.0,1.60
61,Zack Britton*\brittza01,31,NYY,AL,1,0,1.000,2.45,12,0,5,0,0,1,11.0,9,3,3,0,7,0,11,0,0,0,47,192,3.04,1.455,7.4,0.0,5.7,9.0,1.57
62,Aaron Brooks\brookaa01,29,OAK,AL,2,2,.500,5.33,5,5,0,0,0,0,27.0,26,16,16,6,7,0,23,0,0,0,111,82,5.10,1.222,8.7,2.0,2.3,7.7,3.29
63,Clay Buchholz\buchhcl01,34,TOR,AL,0,1,.000,4.60,3,3,0,0,0,0,15.2,18,8,8,2,3,0,8,0,0,0,66,99,4.35,1.340,10.3,1.1,1.7,4.6,2.67
64,Ryan Buchter*\buchtry01,32,OAK,AL,0,1,.000,7.04,13,0,1,0,0,0,7.2,12,7,6,1,7,0,12,1,0,0,43,64,4.83,2.478,14.1,1.2,8.2,14.1,1.71
65,Walker Buehler\buehlwa01,24,LAD,NL,2,0,1.000,5.25,5,5,0,0,0,0,24.0,20,15,14,2,8,0,18,1,0,2,98,80,3.84,1.167,7.5,0.8,3.0,6.8,2.25
66,Madison Bumgarner*\bumgama01,29,SFG,NL,1,4,.200,4.30,6,6,0,0,0,0,37.2,37,23,18,5,5,0,35,2,0,0,153,97,3.56,1.115,8.8,1.2,1.2,8.4,7.00
67,Dylan Bundy\bundydy01,26,BAL,AL,0,3,.000,6.56,5,5,0,0,0,0,23.1,25,19,17,7,10,0,26,2,0,0,106,70,6.35,1.500,9.6,2.7,3.9,10.0,2.60
68,Nick Burdi\burdini01,26,PIT,NL,2,1,.667,9.35,11,0,3,0,0,0,8.2,11,9,9,1,3,0,17,0,0,1,40,47,1.75,1.615,11.4,1.0,3.1,17.7,5.67
69,Corbin Burnes\burneco01,24,MIL,NL,0,2,.000,10.70,4,4,0,0,0,0,17.2,30,21,21,11,8,0,24,0,0,1,90,42,9.87,2.151,15.3,5.6,4.1,12.2,3.00
70,Ryan Burr\burrry01,25,CHW,AL,1,0,1.000,5.68,10,0,1,0,0,0,12.2,11,10,8,3,4,0,10,0,0,0,54,81,5.58,1.184,7.8,2.1,2.8,7.1,2.50
71,Ty Buttrey\buttrty01,26,LAA,AL,1,1,.500,0.75,12,0,0,0,0,0,12.0,11,1,1,0,3,0,16,0,0,1,49,614,1.22,1.167,8.3,0.0,2.3,12.0,5.33
72,Trevor Cahill\cahiltr01,31,LAA,AL,1,2,.333,5.93,6,6,0,0,0,0,30.1,31,20,20,9,10,0,25,3,0,3,133,76,6.63,1.352,9.2,2.7,3.0,7.4,2.50
73,Shane Carle\carlesh01,27,ATL,NL,0,0,,5.40,5,0,0,0,0,0,8.1,5,5,5,2,9,2,4,3,0,0,40,83,9.61,1.680,5.4,2.2,9.7,4.3,0.44
74,Carlos Carrasco\carraca01,32,CLE,AL,2,2,.500,6.00,5,5,0,0,0,0,21.0,27,14,14,3,5,0,33,1,0,1,94,79,2.70,1.524,11.6,1.3,2.1,14.1,6.60
75,Andrew Cashner\cashnan01,32,BAL,AL,4,1,.800,4.18,6,6,0,0,0,0,32.1,32,16,15,5,13,0,20,0,0,0,136,109,5.11,1.392,8.9,1.4,3.6,5.6,1.54
76,Diego Castillo\castidi01,25,TBR,AL,0,2,.000,2.70,13,0,4,0,0,2,13.1,10,5,4,3,5,2,15,0,0,2,51,165,4.93,1.125,6.8,2.0,3.4,10.1,3.00
77,Luis Castillo\castilu02,26,CIN,NL,3,1,.750,1.23,6,6,0,0,0,0,36.2,21,5,5,1,14,0,43,3,1,0,144,368,2.53,0.955,5.2,0.2,3.4,10.6,3.07
78,Miguel Castro\castrmi01,24,BAL,AL,0,1,.000,10.22,11,0,8,0,0,1,12.1,19,14,14,3,7,0,11,0,2,3,62,45,6.21,2.108,13.9,2.2,5.1,8.0,1.57
79,Luis Cessa\cessalu01,27,NYY,AL,0,0,,4.15,8,0,1,0,0,0,13.0,12,7,6,2,7,1,15,0,0,0,58,113,4.44,1.462,8.3,1.4,4.8,10.4,2.14
80,Jhoulys Chacin\chacijh01,31,MIL,NL,2,3,.400,6.35,6,6,0,0,0,0,28.1,25,20,20,7,15,0,25,0,0,0,122,70,6.17,1.412,7.9,2.2,4.8,7.9,1.67
81,Andrew Chafin*\chafian01,29,ARI,NL,0,1,.000,2.89,12,0,1,0,0,0,9.1,9,3,3,1,5,0,10,1,0,0,39,164,4.31,1.500,8.7,1.0,4.8,9.6,2.00
82,Aroldis Chapman*\chapmar01,31,NYY,AL,0,1,.000,2.38,12,0,10,0,0,5,11.1,9,3,3,0,3,0,16,1,0,0,47,197,1.37,1.059,7.1,0.0,2.4,12.7,5.33
83,JT Chargois\chargjt01,28,LAD,NL,0,0,,10.80,2,0,1,0,0,0,1.2,2,2,2,1,1,0,1,0,0,0,8,47,11.53,1.800,10.8,5.4,5.4,5.4,1.00
84,Tyler Chatwood\chatwty01,29,CHC,NL,0,0,,2.77,6,1,0,0,0,0,13.0,8,4,4,1,9,0,9,0,0,2,54,164,4.83,1.308,5.5,0.7,6.2,6.2,1.00
85,Jesse Chavez\chaveje01,35,TEX,AL,0,0,,8.53,12,0,1,0,0,0,12.2,21,12,12,4,5,0,12,2,0,0,64,61,7.00,2.053,14.9,2.8,3.6,8.5,2.40
86,Wei-Yin Chen*\chenwe02,33,MIA,NL,0,1,.000,13.03,7,0,3,0,0,0,9.2,18,14,14,5,6,0,11,2,0,0,53,31,10.06,2.483,16.8,4.7,5.6,10.2,1.83
87,Yonny Chirinos\chiriyo01,25,TBR,AL,3,0,1.000,3.55,5,3,0,0,0,0,25.1,18,10,10,5,5,0,22,0,0,0,94,124,4.55,0.908,6.4,1.8,1.8,7.8,4.40
88,Adam Cimber\cimbead01,28,CLE,AL,2,2,.500,4.63,14,0,4,0,0,0,11.2,5,7,6,1,3,0,11,0,0,0,44,103,3.13,0.686,3.9,0.8,2.3,8.5,3.67
89,Steve Cishek\cishest01,33,CHC,NL,0,1,.000,5.59,11,0,1,0,0,0,9.2,10,6,6,1,4,0,11,0,0,0,41,82,3.44,1.448,9.3,0.9,3.7,10.2,2.75
90,Taylor Clarke\clarkta01,26,ARI,NL,0,0,,0.00,1,0,1,0,0,1,3.0,1,0,0,0,0,0,2,1,0,1,11,,2.80,0.333,3.0,0.0,0.0,6.0,
91,Alex Claudio*\claudal01,27,MIL,NL,0,1,.000,4.73,15,0,3,0,0,0,13.1,8,7,7,1,6,0,8,0,0,0,54,95,4.26,1.050,5.4,0.7,4.1,5.4,1.33
92,Mike Clevinger\clevimi01,28,CLE,AL,1,0,1.000,0.00,2,2,0,0,0,0,12.0,2,0,0,0,4,0,22,0,0,0,42,,0.47,0.500,1.5,0.0,3.0,16.5,5.50
93,Tyler Clippard\clippty01,34,CLE,AL,0,0,,0.00,1,0,0,0,0,0,1.1,0,0,0,0,0,0,2,0,0,0,4,,0.13,0.000,0.0,0.0,0.0,13.5,
94,Alex Cobb\cobbal01,31,BAL,AL,0,2,.000,10.95,3,3,0,0,0,0,12.1,21,16,15,9,2,0,8,0,0,0,60,42,11.81,1.865,15.3,6.6,1.5,5.8,4.00
95,Gerrit Cole\colege01,28,HOU,AL,1,4,.200,4.71,6,6,0,0,0,0,36.1,29,23,19,6,12,0,54,0,0,0,149,93,3.30,1.128,7.2,1.5,3.0,13.4,4.50
96,Taylor Cole\coleta01,29,LAA,AL,0,0,,1.80,2,0,1,0,0,0,5.0,1,1,1,0,2,1,6,0,0,0,18,266,1.93,0.600,1.8,0.0,3.6,10.8,3.00
97,Tim Collins*\colliti01,29,CHC,NL,0,0,,2.70,4,0,2,0,0,0,3.1,5,1,1,0,2,0,2,0,0,0,17,181,3.73,2.100,13.5,0.0,5.4,5.4,1.00
98,Alex Colome\colomal01,30,CHW,AL,1,0,1.000,2.53,11,0,10,0,0,4,10.2,6,3,3,2,3,0,8,0,0,0,39,182,4.91,0.844,5.1,1.7,2.5,6.8,2.67
99,Adam Conley*\conlead01,29,MIA,NL,0,3,.000,8.38,13,0,3,0,0,1,9.2,16,9,9,1,4,1,10,1,0,0,50,49,3.96,2.069,14.9,0.9,3.7,9.3,2.50
100,Patrick Corbin*\corbipa01,29,WSN,NL,2,0,1.000,2.48,5,5,0,0,0,0,32.2,24,10,9,5,6,0,39,1,0,0,127,183,3.38,0.918,6.6,1.4,1.7,10.7,6.50
101,Dylan Covey\coveydy01,27,CHW,AL,0,1,.000,6.75,2,0,1,0,0,0,1.1,2,2,1,0,2,1,0,0,0,0,10,83,7.63,3.000,13.5,0.0,13.5,0.0,0.00
102,Kyle Crick\crickky01,26,PIT,NL,0,1,.000,6.00,7,0,1,0,0,0,6.0,4,4,4,0,2,0,7,0,0,0,23,74,1.80,1.000,6.0,0.0,3.0,10.5,3.50
103,John Curtiss\curtijo02,26,LAA,AL,0,0,,3.86,1,0,1,0,0,0,2.1,2,1,1,0,3,0,1,0,0,0,12,133,6.13,2.143,7.7,0.0,11.6,3.9,0.33
104,Yu Darvish\darviyu01,32,CHC,NL,2,3,.400,5.02,6,6,0,0,0,0,28.2,23,17,16,7,22,1,33,3,0,1,130,89,6.62,1.570,7.2,2.2,6.9,10.4,1.50
105,Zach Davies\davieza02,26,MIL,NL,2,0,1.000,1.65,5,5,0,0,0,0,27.1,27,7,5,2,10,0,19,1,0,1,113,270,3.90,1.354,8.9,0.7,3.3,6.3,1.90
106,Austin Davis*\davisau01,26,PHI,NL,0,0,,0.00,1,0,1,0,0,0,2.0,3,0,0,0,2,0,3,1,0,0,12,,4.63,2.500,13.5,0.0,9.0,13.5,1.50
107,Chris Davis\davisch02,33,BAL,AL,0,0,,9.00,1,0,1,0,0,0,1.0,2,1,1,1,0,0,1,0,0,0,5,67,14.13,2.000,18.0,9.0,0.0,9.0,
108,Wade Davis\daviswa01,33,COL,NL,1,0,1.000,0.90,12,0,10,0,0,4,10.0,7,1,1,0,7,0,12,0,0,1,42,577,2.83,1.400,6.3,0.0,6.3,10.8,1.71
109,Chase De Jong\dejonch01,25,MIN,AL,0,0,,36.00,1,0,1,0,0,0,1.0,3,4,4,1,3,0,0,0,0,0,9,17,25.13,6.000,27.0,9.0,27.0,0.0,0.00
110,Enyel De Los Santos\delosen01,23,PHI,NL,0,0,,18.00,1,0,0,0,0,0,1.0,2,2,2,1,0,0,1,0,0,0,5,33,14.13,2.000,18.0,9.0,0.0,9.0,
111,Jacob deGrom\degroja01,31,NYM,NL,2,3,.400,4.85,5,5,0,0,0,0,26.0,26,14,14,5,10,0,43,2,0,2,114,82,3.71,1.385,9.0,1.7,3.5,14.9,4.30
112,Anthony DeSclafani\desclan01,29,CIN,NL,1,1,.500,4.26,5,5,0,0,0,0,25.1,21,12,12,5,11,2,28,2,0,1,109,107,5.03,1.263,7.5,1.8,3.9,9.9,2.55
113,Chris Devenski\devench02,28,HOU,AL,0,0,,3.72,9,0,2,0,0,0,9.2,12,4,4,2,3,0,10,0,0,0,43,121,4.68,1.552,11.2,1.9,2.8,9.3,3.33
114,Edwin Diaz\diazed04,25,NYM,NL,0,0,,0.93,11,0,11,0,0,7,9.2,7,1,1,1,2,0,19,0,0,1,38,438,1.17,0.931,6.5,0.9,1.9,17.7,9.50
115,Jake Diekman*\diekmja01,32,KCR,AL,0,1,.000,3.86,14,0,0,0,0,0,11.2,6,5,5,0,6,0,13,4,0,1,50,123,3.48,1.029,4.6,0.0,4.6,10.0,2.17
116,Seranthony Dominguez\dominse01,24,PHI,NL,1,0,1.000,5.23,12,0,1,0,0,0,10.1,12,7,6,1,4,0,13,1,0,0,48,89,3.33,1.548,10.5,0.9,3.5,11.3,3.25
117,Sean Doolittle*\doolise01,32,WSN,NL,3,1,.750,1.35,13,0,11,0,0,3,13.1,12,2,2,1,3,0,17,0,0,0,55,340,2.23,1.125,8.1,0.7,2.0,11.5,5.67
118,Kyle Dowdy\dowdyky01,26,TEX,AL,1,1,.500,5.27,6,1,2,0,0,0,13.2,12,9,8,2,11,0,11,0,0,0,64,98,5.84,1.683,7.9,1.3,7.2,7.2,1.00
119,Tyler Duffey\duffety01,28,MIN,AL,0,0,,1.69,4,0,3,0,0,0,5.1,5,5,1,2,2,0,7,0,0,0,25,288,6.51,1.313,8.4,3.4,3.4,11.8,3.50
120,Danny Duffy*\duffyda01,30,KCR,AL,0,1,.000,5.40,1,1,0,0,0,0,5.0,5,3,3,1,3,0,1,0,0,0,22,91,7.13,1.600,9.0,1.8,5.4,1.8,0.33
121,Zach Duke*\dukeza01,36,CIN,NL,1,1,.500,11.25,14,0,0,0,0,0,8.0,11,10,10,2,6,1,4,2,0,0,42,42,8.38,2.125,12.4,2.3,6.8,4.5,0.67
122,Ryan Dull\dullry01,29,OAK,AL,0,0,,10.80,4,0,2,0,0,0,5.0,11,6,6,2,2,0,7,0,0,0,28,43,6.73,2.600,19.8,3.6,3.6,12.6,3.50
123,Mike Dunn*\dunnmi01,34,COL,NL,0,0,,5.87,13,0,1,0,0,0,7.2,9,5,5,1,3,0,5,0,0,0,35,89,4.70,1.565,10.6,1.2,3.5,5.9,1.67
124,Jon Duplantier\duplajo01,24,ARI,NL,0,0,,0.00,2,0,2,0,0,1,4.0,2,0,0,0,2,1,3,0,0,1,15,,3.13,1.000,4.5,0.0,4.5,6.8,1.50
125,Sam Dyson\dysonsa01,31,SFG,NL,0,0,,4.05,11,0,4,0,0,1,13.1,12,7,6,1,3,0,13,0,0,0,55,105,2.83,1.125,8.1,0.7,2.0,8.8,4.33
126,Carl Edwards Jr.\edwarca01,27,CHC,NL,0,1,.000,32.40,4,0,0,0,0,0,1.2,3,6,6,2,5,0,2,0,0,1,13,17,25.33,4.800,16.2,10.8,27.0,10.8,0.40
127,Jon Edwards\edwarjo02,31,CLE,AL,2,0,1.000,1.80,6,0,2,0,0,0,5.0,4,1,1,1,5,0,3,2,0,0,25,276,8.73,1.800,7.2,1.8,9.0,5.4,0.60
128,Zach Eflin\eflinza01,25,PHI,NL,2,3,.400,4.15,5,5,0,0,0,0,26.0,30,14,12,6,5,0,23,0,0,0,112,109,4.94,1.346,10.4,2.1,1.7,8.0,4.60
129,Jerad Eickhoff\eickhje01,28,PHI,NL,1,1,.500,2.12,3,2,1,0,0,1,17.0,12,4,4,0,5,0,20,0,0,0,65,216,1.66,1.000,6.4,0.0,2.6,10.6,4.00
130,Roenis Elias*\eliasro01,30,SEA,AL,2,0,1.000,2.16,14,0,7,0,0,4,16.2,12,7,4,0,6,1,14,0,1,0,71,201,2.53,1.080,6.5,0.0,3.2,7.6,2.33
131,Chris Ellis\ellisch01,26,KCR,AL,0,0,,0.00,1,0,1,0,0,0,1.0,1,0,0,0,1,0,0,0,0,0,5,,6.13,2.000,9.0,0.0,9.0,0.0,0.00
132,Nathan Eovaldi\eovalna01,29,BOS,AL,0,0,,6.00,4,4,0,0,0,0,21.0,21,15,14,6,11,0,16,1,0,0,93,78,7.04,1.524,9.0,2.6,4.7,6.9,1.45
133,Robbie Erlin*\erlinro01,28,SDP,NL,0,0,,4.82,5,0,2,0,0,0,9.1,10,6,5,1,2,0,9,0,0,0,39,88,3.24,1.286,9.6,1.0,1.9,8.7,4.50
134,Carlos Estevez\estevca01,26,COL,NL,0,0,,5.25,12,0,1,0,0,0,12.0,11,7,7,3,3,0,17,1,0,1,50,98,4.55,1.167,8.3,2.3,2.3,12.8,5.67
135,Marco Estrada\estrama01,35,OAK,AL,0,2,.000,6.85,5,5,0,0,0,0,23.2,23,19,18,7,8,0,11,3,0,2,106,64,7.44,1.310,8.7,2.7,3.0,4.2,1.38
136,Jeurys Familia\familje01,29,NYM,NL,2,0,1.000,6.17,12,0,1,0,0,0,11.2,12,9,8,2,10,0,12,1,0,1,56,66,6.13,1.886,9.3,1.5,7.7,9.3,1.20
137,Jake Faria\fariaja01,25,TBR,AL,0,0,,0.00,1,0,0,0,0,0,2.0,1,0,0,0,1,0,1,0,0,0,7,,3.63,1.000,4.5,0.0,4.5,4.5,1.00
138,Buck Farmer\farmebu01,28,DET,AL,1,1,.500,2.00,11,0,2,0,0,0,9.0,6,2,2,0,4,1,11,0,0,0,36,241,2.02,1.111,6.0,0.0,4.0,11.0,2.75
139,Caleb Ferguson*\ferguca01,22,LAD,NL,0,1,.000,3.46,13,1,0,0,0,0,13.0,14,5,5,3,8,1,14,2,0,0,61,123,6.29,1.692,9.7,2.1,5.5,9.7,1.75
140,Jose Fernandez*\fernajo04,26,DET,AL,0,0,,67.50,2,0,0,0,0,0,0.2,3,5,5,0,2,1,1,1,0,0,8,10,13.63,7.500,40.5,0.0,27.0,13.5,0.50
141,Matt Festa\festama01,26,SEA,AL,0,0,,6.43,6,0,0,0,0,0,7.0,8,5,5,1,5,0,4,0,0,0,33,70,5.99,1.857,10.3,1.3,6.4,5.1,0.80
142,Mike Fiers\fiersmi01,34,OAK,AL,2,2,.500,7.03,7,7,0,0,0,0,32.0,39,25,25,7,10,0,25,2,0,3,145,62,5.54,1.531,11.0,2.0,2.8,7.0,2.50
143,Heath Fillmyer\fillmhe01,25,KCR,AL,0,1,.000,9.00,4,3,1,0,0,0,15.0,21,15,15,5,5,0,7,2,0,1,72,52,7.93,1.733,12.6,3.0,3.0,4.2,1.40
144,Jack Flaherty\flaheja01,23,STL,NL,2,1,.667,5.25,5,5,0,0,0,0,24.0,28,14,14,7,5,0,32,1,0,3,105,80,5.01,1.375,10.5,2.6,1.9,12.0,6.40
145,Chris Flexen\flexech01,24,NYM,NL,0,1,.000,10.38,1,1,0,0,0,0,4.1,7,6,5,0,4,1,0,0,0,0,24,41,5.90,2.538,14.5,0.0,8.3,0.0,0.00
146,Dylan Floro\florody01,28,LAD,NL,1,0,1.000,0.00,11,0,1,0,0,0,11.0,8,0,0,0,0,0,6,1,0,0,42,,2.31,0.727,6.5,0.0,0.0,4.9,
147,Mike Foltynewicz\foltymi01,27,ATL,NL,0,0,,6.00,1,1,0,0,0,0,6.0,6,4,4,2,1,0,5,0,0,0,25,76,6.30,1.167,9.0,3.0,1.5,7.5,5.00
148,Wilmer Font\fontwi01,29,TBR,AL,1,0,1.000,6.55,9,0,3,0,0,0,11.0,11,8,8,2,4,0,16,0,0,1,47,68,3.68,1.364,9.0,1.6,3.3,13.1,4.00
149,Caleb Frare*\frareca01,25,CHW,AL,0,0,,6.75,4,0,1,0,0,0,2.2,2,2,2,1,3,0,3,0,0,2,13,75,9.13,1.875,6.8,3.4,10.1,10.1,1.00
150,Kyle Freeland*\freelky01,26,COL,NL,2,3,.400,4.23,5,5,0,0,0,0,27.2,23,14,13,3,10,1,30,2,0,2,119,120,3.68,1.193,7.5,1.0,3.3,9.8,3.00
151,Sam Freeman*\freemsa01,32,LAA,AL,0,0,,4.50,1,0,0,0,0,0,2.0,3,1,1,1,2,0,0,0,0,0,11,116,12.63,2.500,13.5,4.5,9.0,0.0,0.00
152,Max Fried*\friedma01,25,ATL,NL,3,1,.750,2.30,7,5,1,0,0,0,31.1,27,9,8,3,7,0,26,1,0,1,127,190,3.48,1.085,7.8,0.9,2.0,7.5,3.71
153,Jace Fry*\fryja01,25,CHW,AL,1,0,1.000,6.75,12,0,1,0,0,0,9.1,8,8,7,1,6,0,11,0,0,1,42,69,4.10,1.500,7.7,1.0,5.8,10.6,1.83
154,Paul Fry*\frypa01,26,BAL,AL,0,1,.000,4.05,11,0,2,0,0,1,13.1,9,6,6,2,5,0,11,1,0,1,53,114,4.78,1.050,6.1,1.4,3.4,7.4,2.20
155,Carson Fulmer\fulmeca01,25,CHW,AL,0,1,.000,5.19,5,0,1,0,0,0,8.2,8,5,5,1,4,0,11,3,0,0,42,90,4.52,1.385,8.3,1.0,4.2,11.4,2.75
156,Drew Gagnon\gagnodr01,29,NYM,NL,0,0,,8.44,1,0,0,0,0,0,5.1,7,6,5,1,1,0,5,0,0,1,25,50,4.26,1.500,11.8,1.7,1.7,8.4,5.00
157,Giovanny Gallegos\gallegi01,27,STL,NL,1,0,1.000,4.91,7,0,2,0,0,0,7.1,6,4,4,2,3,0,14,1,0,0,32,89,4.50,1.227,7.4,2.5,3.7,17.2,4.67
158,John Gant\gantjo01,26,STL,NL,3,0,1.000,0.98,14,0,3,0,0,1,18.1,5,2,2,2,7,0,17,0,0,0,62,430,3.84,0.655,2.5,1.0,3.4,8.3,2.43
159,Jarlin Garcia*\garcija04,26,MIA,NL,0,0,,11.25,4,0,2,0,0,0,4.0,4,5,5,0,2,0,3,1,0,0,18,38,3.88,1.500,9.0,0.0,4.5,6.8,1.50
160,Luis Garcia\garcilu03,32,LAA,AL,0,1,.000,3.18,13,0,5,0,0,1,11.1,7,4,4,1,11,1,5,2,0,1,52,145,6.84,1.588,5.6,0.8,8.7,4.0,0.45
161,Yimi Garcia\garciyi01,28,LAD,NL,0,1,.000,5.68,14,0,8,0,0,0,12.2,8,9,8,3,6,1,13,1,0,1,53,75,5.82,1.105,5.7,2.1,4.3,9.2,2.17
162,Amir Garrett*\garream01,27,CIN,NL,1,1,.500,1.54,14,0,1,0,0,0,11.2,6,2,2,1,5,1,12,1,1,1,44,299,3.73,0.943,4.6,0.8,3.9,9.3,2.40
163,Reed Garrett\garrere01,26,DET,AL,0,0,,2.89,8,0,2,0,0,0,9.1,11,4,3,0,8,0,7,0,0,0,42,167,4.20,2.036,10.6,0.0,7.7,6.8,0.88
164,Kevin Gausman\gausmke01,28,ATL,NL,1,2,.333,3.96,4,4,0,0,0,0,25.0,17,12,11,4,8,0,28,0,0,0,98,110,3.93,1.000,6.1,1.4,2.9,10.1,3.50
165,Sam Gaviglio\gavigsa01,29,TOR,AL,2,0,1.000,1.00,8,0,2,0,0,0,18.0,9,3,2,1,2,0,19,1,0,0,65,451,2.24,0.611,4.5,0.5,1.0,9.5,9.50
166,Cory Gearrin\gearrco01,33,SEA,AL,0,1,.000,4.50,14,0,2,0,0,0,12.0,6,6,6,1,9,0,15,3,0,0,52,97,4.72,1.250,4.5,0.8,6.8,11.3,1.67
167,Domingo German\germado01,26,NYY,AL,4,1,.800,1.75,5,4,0,0,0,0,25.2,13,7,5,2,8,0,28,0,0,1,99,264,2.90,0.818,4.6,0.7,2.8,9.8,3.50
168,Kyle Gibson\gibsoky01,31,MIN,AL,1,0,1.000,6.10,4,4,0,0,0,0,20.2,23,15,14,3,8,0,18,0,0,1,92,76,4.44,1.500,10.0,1.3,3.5,7.8,2.25
169,Ken Giles\gileske01,28,TOR,AL,1,1,.500,2.19,13,0,11,0,0,7,12.1,13,3,3,1,5,1,19,0,0,1,54,208,2.32,1.459,9.5,0.7,3.6,13.9,3.80
170,Lucas Giolito\giolilu01,24,CHW,AL,2,1,.667,5.30,4,4,0,0,0,0,18.2,15,13,11,2,10,0,23,1,0,0,80,86,3.83,1.339,7.2,1.0,4.8,11.1,2.30
171,Mychal Givens\givenmy01,29,BAL,AL,0,0,,4.50,9,0,4,0,0,1,12.0,11,6,6,2,4,0,15,1,0,3,51,103,4.05,1.250,8.3,1.5,3.0,11.3,3.75
172,Tyler Glasnow\glasnty01,25,TBR,AL,4,0,1.000,1.53,5,5,0,0,0,0,29.1,21,5,5,2,6,0,29,0,0,0,111,286,2.66,0.920,6.4,0.6,1.8,8.9,4.83
173,Zack Godley\godleza01,29,ARI,NL,1,2,.333,7.58,6,6,0,0,0,0,29.2,33,26,25,5,18,2,25,2,1,3,140,61,5.66,1.719,10.0,1.5,5.5,7.6,1.39
174,Jeanmar Gomez\gomezje01,31,TEX,AL,0,0,,9.58,9,0,3,0,0,0,10.1,18,12,11,2,3,0,9,1,0,2,50,54,5.07,2.032,15.7,1.7,2.6,7.8,3.00
175,Marco Gonzales*\gonzama02,27,SEA,AL,5,0,1.000,2.80,7,7,0,0,0,0,45.0,45,17,14,3,9,0,34,0,1,0,185,153,3.09,1.200,9.0,0.6,1.8,6.8,3.78
176,Trevor Gott\gotttr01,26,SFG,NL,1,0,1.000,1.80,11,0,1,0,0,0,15.0,7,3,3,0,3,0,15,1,0,0,55,235,1.93,0.667,4.2,0.0,1.8,9.0,5.00
177,Matt Grace*\gracema02,30,WSN,NL,0,1,.000,5.40,15,0,2,0,0,0,11.2,12,8,7,1,5,0,11,1,0,1,54,85,3.90,1.457,9.3,0.8,3.9,8.5,2.20
178,Jon Gray\grayjo02,27,COL,NL,2,3,.400,3.65,6,6,0,0,0,0,37.0,31,15,15,6,16,0,34,2,0,0,151,139,4.86,1.270,7.5,1.5,3.9,8.3,2.13
179,Sonny Gray\grayso01,29,CIN,NL,0,3,.000,3.65,5,5,0,0,0,0,24.2,18,11,10,1,6,1,31,1,0,2,99,124,2.00,0.973,6.6,0.4,2.2,11.3,5.17
180,Chad Green\greench03,28,NYY,AL,0,2,.000,16.43,10,0,2,0,0,0,7.2,15,14,14,4,4,0,7,1,0,0,43,29,10.05,2.478,17.6,4.7,4.7,8.2,1.75
181,Shane Greene\greensh02,30,DET,AL,0,1,.000,1.38,13,0,12,0,0,11,13.0,5,2,2,1,3,0,14,1,0,0,48,345,2.90,0.615,3.5,0.7,2.1,9.7,4.67
182,Zack Greinke\greinza01,35,ARI,NL,4,1,.800,3.72,6,6,0,0,0,0,36.1,29,16,15,8,7,0,39,0,0,0,142,124,4.43,0.991,7.2,2.0,1.7,9.7,5.57
183,Robert Gsellman\gsellro01,25,NYM,NL,0,0,,4.24,13,0,2,0,0,0,17.0,21,11,8,2,4,1,17,1,0,2,78,95,3.54,1.471,11.1,1.1,2.1,9.0,4.25
184,Reymin Guduan*\guduare01,27,HOU,AL,0,0,,6.75,3,0,1,0,0,0,2.2,3,2,2,1,2,0,3,0,0,0,13,73,8.01,1.875,10.1,3.4,6.8,10.1,1.50
185,Javy Guerra\guerrja01,33,TOR,AL,0,0,,5.40,9,0,5,0,0,0,10.0,9,6,6,1,4,1,12,1,0,0,43,85,3.53,1.300,8.1,0.9,3.6,10.8,3.00
186,Junior Guerra\guerrju02,34,MIL,NL,1,0,1.000,1.29,11,0,1,0,0,1,14.0,6,2,2,2,7,0,7,0,0,0,55,350,5.49,0.929,3.9,1.3,4.5,4.5,1.00
187,Tayron Guerrero\guerrta01,28,MIA,NL,1,0,1.000,0.82,12,0,4,0,0,0,11.0,5,1,1,0,7,0,13,2,0,2,46,496,3.22,1.091,4.1,0.0,5.7,10.6,1.86
188,Jedd Gyorko\gyorkje01,30,STL,NL,0,0,,0.00,1,0,1,0,0,0,0.1,0,0,0,0,0,0,1,0,0,0,1,,-2.87,0.000,0.0,0.0,0.0,27.0,
189,Josh Hader*\haderjo01,25,MIL,NL,0,2,.000,3.21,10,0,8,0,0,6,14.0,6,5,5,3,4,0,29,0,0,0,52,140,2.63,0.714,3.9,1.9,2.6,18.6,7.25
190,Cole Hamels*\hamelco01,35,CHC,NL,3,0,1.000,3.16,5,5,0,0,0,0,31.1,22,11,11,4,9,0,30,0,0,0,125,142,3.74,0.989,6.3,1.1,2.6,8.6,3.33
191,Brad Hand*\handbr01,29,CLE,AL,0,1,.000,1.42,13,0,13,0,0,8,12.2,8,2,2,0,4,1,18,1,0,0,50,336,1.48,0.947,5.7,0.0,2.8,12.8,4.50
192,J.A. Happ*\happja01,36,NYY,AL,1,2,.333,4.68,6,6,0,0,0,0,32.2,33,17,17,7,8,0,24,0,0,0,136,98,5.18,1.255,9.1,1.9,2.2,6.6,3.00
193,Blaine Hardy*\hardybl01,32,DET,AL,1,0,1.000,6.00,8,0,0,0,0,0,12.0,8,8,8,2,2,0,8,0,0,0,46,80,4.47,0.833,6.0,1.5,1.5,6.0,4.00
194,Ryne Harper\harpery01,30,MIN,AL,0,0,,2.45,10,0,2,0,0,0,11.0,7,3,3,1,3,0,8,0,0,1,42,192,3.68,0.909,5.7,0.8,2.5,6.5,2.67
195,Will Harris\harriwi10,34,HOU,AL,0,0,,1.93,11,0,1,0,0,0,9.1,8,2,2,0,1,0,7,0,0,1,36,234,1.95,0.964,7.7,0.0,1.0,6.8,7.00
196,Donnie Hart*\hartdo01,28,MIL,NL,0,0,,0.00,2,0,1,0,0,0,2.1,2,0,0,0,4,1,0,0,0,0,12,,8.28,2.571,7.7,0.0,15.4,0.0,0.00
197,Joe Harvey\harvejo01,27,NYY,AL,0,0,,6.35,5,0,2,0,0,0,5.2,5,4,4,0,4,0,6,0,0,0,25,76,3.13,1.588,7.9,0.0,6.4,9.5,1.50
198,Matt Harvey\harvema01,30,LAA,AL,0,2,.000,8.03,5,5,0,0,0,0,24.2,29,23,22,5,10,0,16,2,0,0,112,57,5.93,1.581,10.6,1.8,3.6,5.8,1.60
199,Taylor Hearn*\hearnta01,24,TEX,AL,0,1,.000,108.00,1,1,0,0,0,0,0.1,3,5,4,0,4,0,0,0,0,0,8,9,39.13,21.000,81.0,0.0,108.0,0.0,0.00
200,Jeremy Hellickson\hellije01,32,WSN,NL,2,0,1.000,4.34,4,3,1,0,0,0,18.2,20,9,9,2,10,1,10,0,0,1,84,105,5.06,1.607,9.6,1.0,4.8,4.8,1.00
201,Ryan Helsley\helslry01,24,STL,NL,0,0,,2.84,3,0,0,0,0,0,6.1,3,2,2,2,0,0,7,0,0,0,22,154,5.03,0.474,4.3,2.8,0.0,9.9,
202,Heath Hembree\hembrhe01,30,BOS,AL,0,0,,5.11,12,0,3,0,0,0,12.1,13,8,7,3,6,0,11,0,0,0,56,93,5.97,1.541,9.5,2.2,4.4,8.0,1.83
203,Kyle Hendricks\hendrky01,29,CHC,NL,1,4,.200,5.33,5,5,0,0,0,0,25.1,37,21,15,3,8,1,24,0,0,1,119,84,3.73,1.776,13.1,1.1,2.8,8.5,3.00
204,Liam Hendriks\hendrli01,30,OAK,AL,0,0,,2.40,12,0,2,0,0,0,15.0,12,4,4,1,8,0,16,1,0,2,63,185,3.67,1.333,7.2,0.6,4.8,9.6,2.00
205,Darwinzon Hernandez*\hernada02,22,BOS,AL,0,0,,0.00,1,0,0,0,0,0,2.1,4,0,0,0,1,0,4,0,0,0,12,,0.99,2.143,15.4,0.0,3.9,15.4,4.00
206,David Hernandez\hernada01,34,CIN,NL,0,1,.000,2.53,12,0,1,0,0,1,10.2,12,3,3,0,5,2,10,0,0,0,48,183,2.66,1.594,10.1,0.0,4.2,8.4,2.00
207,Felix Hernandez\hernafe02,33,SEA,AL,1,2,.333,3.91,5,5,0,0,0,0,25.1,28,13,11,3,3,0,21,3,0,2,108,110,3.73,1.224,9.9,1.1,1.1,7.5,7.00
208,Kelvin Herrera\herreke01,29,CHW,AL,0,0,,2.25,12,0,1,0,0,0,12.0,8,3,3,1,3,1,11,0,0,0,48,205,3.13,0.917,6.0,0.8,2.3,8.3,3.67
209,David Hess\hessda01,25,BAL,AL,1,4,.200,5.88,6,5,0,0,0,0,26.0,25,17,17,8,7,0,18,0,0,1,107,78,6.56,1.231,8.7,2.8,2.4,6.2,2.57
210,Jordan Hicks\hicksjo03,22,STL,NL,1,1,.500,2.38,11,0,10,0,0,8,11.1,6,3,3,1,5,0,14,1,0,0,42,179,3.40,0.971,4.8,0.8,4.0,11.1,2.80
211,Trevor Hildenberger\hildetr01,28,MIN,AL,2,1,.667,2.16,12,0,1,0,0,1,8.1,8,2,2,0,4,0,10,1,0,0,37,220,2.53,1.440,8.6,0.0,4.3,10.8,2.50
212,Tim Hill*\hillti01,29,KCR,AL,0,0,,6.75,6,0,0,0,0,0,4.0,4,3,3,1,4,0,3,2,0,0,21,74,9.38,2.000,9.0,2.3,9.0,6.8,0.75
213,Yoshihisa Hirano\hiranyo01,35,ARI,NL,1,1,.500,4.50,12,0,4,0,0,1,10.0,13,7,5,0,4,0,14,0,0,0,46,105,1.53,1.700,11.7,0.0,3.6,12.6,3.50
214,Jeff Hoffman\hoffmje02,26,COL,NL,0,1,.000,7.20,1,1,0,0,0,0,5.0,6,4,4,0,0,0,6,0,0,0,21,74,0.73,1.200,10.8,0.0,0.0,10.8,
215,Jonathan Holder\holdejo02,26,NYY,AL,1,0,1.000,5.40,9,0,3,0,0,0,13.1,15,9,8,2,3,1,15,1,0,0,60,87,3.73,1.350,10.1,1.4,2.0,10.1,5.00
216,Derek Holland*\hollade01,32,SFG,NL,1,4,.200,5.34,6,6,0,1,0,0,32.0,26,19,19,7,16,0,40,2,0,0,135,78,5.16,1.313,7.3,2.0,4.5,11.3,2.50
217,Greg Holland\hollagr01,33,ARI,NL,1,0,1.000,0.00,8,0,8,0,0,5,8.0,2,0,0,0,3,0,13,0,0,1,29,,1.01,0.625,2.3,0.0,3.4,14.6,4.33
218,Adrian Houser\housead01,26,MIL,NL,0,1,.000,11.25,1,1,0,0,0,0,4.0,9,5,5,2,1,0,3,0,0,0,20,42,8.88,2.500,20.3,4.5,2.3,6.8,3.00
219,Wei-Chieh Huang\huangwe01,25,TEX,AL,0,0,,3.86,1,0,0,0,0,0,2.1,3,2,1,0,2,0,1,0,0,1,13,148,4.85,2.143,11.6,0.0,7.7,3.9,0.50
220,Dakota Hudson\hudsoda02,24,STL,NL,2,1,.667,5.63,6,5,1,0,0,1,24.0,33,16,15,8,13,2,19,0,0,3,116,75,7.51,1.917,12.4,3.0,4.9,7.1,1.46
221,Daniel Hudson\hudsoda01,32,TOR,AL,1,1,.500,4.63,12,0,2,0,0,0,11.2,8,6,6,3,4,0,13,1,0,0,48,99,5.53,1.029,6.2,2.3,3.1,10.0,3.25
222,Jared Hughes\hugheja02,33,CIN,NL,2,0,1.000,5.73,14,0,5,0,0,0,11.0,12,7,7,1,5,0,8,1,0,0,47,81,4.50,1.545,9.8,0.8,4.1,6.5,1.60
223,Raisel Iglesias\iglesra01,29,CIN,NL,0,3,.000,3.65,11,0,9,0,0,6,12.1,10,5,5,2,6,1,19,0,0,0,52,126,3.62,1.297,7.3,1.5,4.4,13.9,3.17
224,Luke Jackson\jackslu01,27,ATL,NL,2,0,1.000,2.70,12,0,3,0,0,0,13.1,11,4,4,1,6,2,15,0,0,0,55,164,3.21,1.275,7.4,0.7,4.1,10.1,2.50
225,Josh James\jamesjo02,26,HOU,AL,0,0,,7.90,10,0,5,0,0,0,13.2,12,13,12,4,9,0,20,1,0,1,61,56,6.21,1.537,7.9,2.6,5.9,13.2,2.22
226,Kenley Jansen\janseke01,31,LAD,NL,2,0,1.000,3.29,13,0,12,0,0,9,13.2,9,7,5,3,2,0,17,0,1,0,53,129,3.94,0.805,5.9,2.0,1.3,11.2,8.50
227,Jeremy Jeffress\jeffrje01,31,MIL,NL,0,0,,2.45,5,0,0,0,0,0,3.2,3,1,1,0,3,0,4,0,0,0,15,196,3.41,1.636,7.4,0.0,7.4,9.8,1.33
228,Jake Jewell\jewelja01,26,LAA,AL,0,0,,13.50,4,0,1,0,0,0,4.2,7,7,7,3,3,0,5,1,0,0,25,36,11.92,2.143,13.5,5.8,5.8,9.6,1.67
229,Joe Jimenez\jimenjo02,24,DET,AL,1,1,.500,5.23,12,0,2,0,0,0,10.1,11,6,6,2,6,0,15,2,0,0,47,92,5.07,1.645,9.6,1.7,5.2,13.1,2.50
230,Brian Johnson*\johnsbr02,28,BOS,AL,1,0,1.000,12.71,4,0,1,0,0,0,5.2,10,8,8,3,3,1,7,0,0,0,30,38,9.13,2.294,15.9,4.8,4.8,11.1,2.33
231,DJ Johnson\johnsdj01,29,COL,NL,0,1,.000,5.79,11,0,2,0,0,0,9.1,9,6,6,0,9,2,9,1,0,1,47,90,4.42,1.929,8.7,0.0,8.7,8.7,1.00
232,Nate Jones\jonesna01,33,CHW,AL,0,1,.000,3.48,13,0,5,0,0,1,10.1,10,4,4,2,7,1,10,1,0,2,47,133,6.04,1.645,8.7,1.7,6.1,8.7,1.43
233,Caleb Joseph\josepca01,33,ARI,NL,0,0,,0.00,1,0,1,0,0,0,1.0,0,0,0,0,0,0,0,0,0,0,3,,3.13,0.000,0.0,0.0,0.0,0.0,
234,Jakob Junis\junisja01,26,KCR,AL,2,2,.500,5.57,6,6,0,0,0,0,32.1,38,21,20,5,10,0,32,2,0,0,143,84,4.28,1.485,10.6,1.4,2.8,8.9,3.20
235,Ariel Jurado\juradar01,23,TEX,AL,0,0,,0.00,1,0,1,0,0,0,2.0,0,0,0,0,0,0,3,0,0,0,6,,0.13,0.000,0.0,0.0,0.0,13.5,
236,Tommy Kahnle\kahnlto01,29,NYY,AL,1,0,1.000,1.86,11,0,3,0,0,0,9.2,4,2,2,1,5,0,13,0,0,1,39,254,3.34,0.931,3.7,0.9,4.7,12.1,2.60
237,Nate Karns\karnsna01,31,BAL,AL,0,1,.000,0.00,4,2,1,0,0,0,5.1,7,1,0,0,3,0,5,1,0,1,25,,3.51,1.875,11.8,0.0,5.1,8.4,1.67
238,Keone Kela\kelake01,26,PIT,NL,1,0,1.000,5.59,11,0,3,0,0,0,9.2,9,6,6,3,4,0,10,0,0,1,42,78,6.34,1.345,8.4,2.8,3.7,9.3,2.50
239,Brad Keller\kellebr01,23,KCR,AL,2,2,.500,3.41,6,6,0,0,0,0,37.0,26,14,14,3,20,2,29,3,0,1,156,137,4.48,1.243,6.3,0.7,4.9,7.1,1.45
240,Shawn Kelley\kellesh01,35,TEX,AL,3,0,1.000,1.64,11,0,1,0,0,1,11.0,8,2,2,2,0,0,10,0,0,0,38,318,3.68,0.727,6.5,1.6,0.0,8.2,
241,Joe Kelly\kellyjo05,31,LAD,NL,1,2,.333,9.00,11,0,0,0,0,0,12.0,19,12,12,3,2,1,11,1,0,2,56,47,5.30,1.750,14.3,2.3,1.5,8.3,5.50
242,Merrill Kelly\kellyme01,30,ARI,NL,2,2,.500,3.94,5,5,0,0,0,0,29.2,29,13,13,5,12,0,27,0,0,1,128,117,4.72,1.382,8.8,1.5,3.6,8.2,2.25
243,Ian Kennedy\kenneia01,34,KCR,AL,0,0,,1.32,12,0,5,0,0,1,13.2,14,2,2,0,2,0,19,0,0,2,57,359,0.79,1.171,9.2,0.0,1.3,12.5,9.50
244,Clayton Kershaw*\kershcl01,31,LAD,NL,1,0,1.000,2.25,3,3,0,0,0,0,20.0,11,5,5,2,4,0,21,0,0,0,73,187,2.93,0.750,5.0,0.9,1.8,9.5,5.25
245,Yusei Kikuchi*\kikucyu01,28,SEA,AL,1,1,.500,4.54,7,7,0,0,0,0,33.2,35,21,17,5,8,0,25,0,0,1,141,94,4.29,1.277,9.4,1.3,2.1,6.7,3.13
246,Nick Kingham\kinghni01,27,PIT,NL,1,0,1.000,4.35,7,0,3,0,0,1,10.1,8,5,5,1,4,0,10,0,0,0,42,99,3.62,1.161,7.0,0.9,3.5,8.7,2.50
247,Tyler Kinley\kinlety01,28,MIA,NL,0,0,,3.21,13,0,2,0,0,0,14.0,12,5,5,3,9,1,17,1,0,1,61,125,5.63,1.500,7.7,1.9,5.8,10.9,1.89
248,Brandon Kintzler\kintzbr01,34,CHC,NL,0,0,,2.53,11,0,2,0,0,0,10.2,5,3,3,1,1,0,9,2,0,0,38,181,3.51,0.563,4.2,0.8,0.8,7.6,9.00
249,Branden Kline\klinebr01,27,BAL,AL,0,0,,9.00,1,0,0,0,0,0,2.0,2,2,2,2,0,0,0,0,0,0,8,59,16.13,1.000,9.0,9.0,0.0,0.0,
250,Corey Kluber\klubeco01,33,CLE,AL,2,2,.500,5.81,6,6,0,0,0,0,31.0,37,23,20,4,15,0,35,2,0,0,147,81,4.20,1.677,10.7,1.2,4.4,10.2,2.33
251,Matt Koch\kochma01,28,ARI,NL,0,0,,9.15,9,0,5,0,0,0,20.2,29,21,21,8,4,0,9,5,0,1,96,51,8.60,1.597,12.6,3.5,1.7,3.9,2.25
252,Adam Kolarek*\kolarad01,30,TBR,AL,1,0,1.000,1.74,15,0,2,0,0,0,10.1,10,2,2,0,3,1,8,1,0,0,45,258,2.75,1.258,8.7,0.0,2.6,7.0,2.67
253,Travis Lakins\lakintr01,25,BOS,AL,0,0,,3.38,1,0,1,0,0,0,2.2,4,1,1,0,0,0,2,0,0,0,10,154,1.63,1.500,13.5,0.0,0.0,6.8,
254,Eric Lauer*\lauerer01,24,SDP,NL,2,3,.400,4.41,6,6,0,0,0,0,32.2,33,17,16,5,10,1,29,0,1,1,137,94,4.27,1.316,9.1,1.4,2.8,8.0,2.90
255,Mike Leake\leakemi01,31,SEA,AL,2,3,.400,4.98,6,6,0,0,0,0,34.1,45,23,19,10,7,0,29,2,0,2,156,86,6.02,1.515,11.8,2.6,1.8,7.6,4.14
256,Wade LeBlanc*\leblawa01,34,SEA,AL,2,0,1.000,4.50,3,3,0,0,0,0,16.0,21,10,8,2,5,0,12,0,0,0,76,97,4.20,1.625,11.8,1.1,2.8,6.8,2.40
257,Jose Leclerc\leclejo01,25,TEX,AL,1,1,.500,7.27,11,0,8,0,0,5,8.2,9,7,7,2,8,0,11,3,0,2,45,72,7.40,1.962,9.3,2.1,8.3,11.4,1.38
258,Dominic Leone\leonedo01,27,STL,NL,0,0,,6.17,12,0,3,0,0,0,11.2,10,8,8,2,6,0,14,0,0,0,51,69,4.50,1.371,7.7,1.5,4.6,10.8,2.33
259,Jon Lester*\lestejo01,35,CHC,NL,1,1,.500,2.37,4,4,0,0,0,0,19.0,17,5,5,3,6,0,19,0,0,0,78,191,4.13,1.211,8.1,1.4,2.8,9.0,3.17
260,Francisco Liriano*\liriafr01,35,PIT,NL,1,0,1.000,0.00,10,0,2,0,0,0,9.2,8,0,0,0,4,0,14,0,0,1,42,,1.48,1.241,7.4,0.0,3.7,13.0,3.50
261,Jonathan Loaisiga\loaisjo01,24,NYY,AL,1,0,1.000,2.70,3,2,0,0,0,0,10.0,7,3,3,1,6,0,10,0,0,1,42,175,4.23,1.300,6.3,0.9,5.4,9.0,1.67
262,Jorge Lopez\lopezjo02,26,KCR,AL,0,2,.000,5.08,6,6,0,0,0,0,33.2,36,21,19,7,12,0,31,2,0,1,147,92,5.24,1.426,9.6,1.9,3.2,8.3,2.58
263,Pablo Lopez\lopezpa01,23,MIA,NL,2,3,.400,4.44,5,5,0,0,0,0,26.1,26,14,13,2,5,1,29,3,1,0,112,90,2.83,1.177,8.9,0.7,1.7,9.9,5.80
264,Reynaldo Lopez\lopezre01,25,CHW,AL,1,3,.250,7.46,5,5,0,0,0,0,25.1,34,22,21,7,14,0,25,1,0,0,121,61,6.53,1.895,12.1,2.5,5.0,8.9,1.79
265,Yoan Lopez\lopezyo01,26,ARI,NL,0,0,,0.87,13,0,1,0,0,0,10.1,5,1,1,1,5,0,8,0,0,0,40,541,4.29,0.968,4.4,0.9,4.4,7.0,1.60
266,Michael Lorenzen\lorenmi01,27,CIN,NL,0,0,,1.29,12,0,4,0,0,1,14.0,15,2,2,1,5,0,10,0,0,0,61,357,3.70,1.429,9.6,0.6,3.2,6.4,2.00
267,Aaron Loup*\loupaa01,31,SDP,NL,0,0,,0.00,4,0,1,0,0,0,3.1,2,0,0,0,1,0,5,1,0,0,14,,1.93,0.900,5.4,0.0,2.7,13.5,5.00
268,Richard Lovelady*\lovelri01,23,KCR,AL,0,0,,7.20,7,0,1,0,0,0,5.0,7,4,4,0,3,1,5,0,0,0,24,68,2.93,2.000,12.6,0.0,5.4,9.0,1.67
269,Josh Lucas\lucasjo02,28,BAL,AL,0,0,,4.15,3,0,0,0,0,0,4.1,4,3,2,1,1,0,4,0,0,0,18,117,4.98,1.154,8.3,2.1,2.1,8.3,4.00
270,Joey Lucchesi*\lucchjo01,26,SDP,NL,3,2,.600,4.33,5,5,0,0,0,0,27.0,26,13,13,2,9,0,29,0,0,0,115,96,2.95,1.296,8.7,0.7,3.0,9.7,3.22
271,Elvis Luciano\luciael01,19,TOR,AL,0,0,,4.66,7,0,3,0,0,0,9.2,10,5,5,1,10,1,8,1,0,2,48,99,6.24,2.069,9.3,0.9,9.3,7.4,0.80
272,Seth Lugo\lugose01,29,NYM,NL,1,0,1.000,4.60,11,0,2,0,0,0,15.2,15,12,8,2,4,0,19,2,0,0,71,87,3.52,1.213,8.6,1.1,2.3,10.9,4.75
273,Jordan Lyles\lylesjo01,28,PIT,NL,2,1,.667,2.05,4,4,0,0,0,0,22.0,18,6,5,3,5,1,21,0,0,0,84,208,3.68,1.045,7.4,1.2,2.0,8.6,4.20
274,Lance Lynn\lynnla01,32,TEX,AL,2,2,.500,6.51,5,5,0,0,0,0,27.2,35,20,20,3,8,0,24,2,0,2,127,79,3.89,1.554,11.4,1.0,2.6,7.8,3.00
275,Kenta Maeda\maedake01,31,LAD,NL,3,2,.600,5.20,5,5,0,0,0,0,27.2,27,16,16,5,13,1,25,0,0,0,119,81,5.08,1.446,8.8,1.6,4.2,8.1,1.92
276,Matt Magill\magilma01,29,MIN,AL,0,0,,0.00,1,0,0,0,0,0,0.2,1,0,0,0,2,0,1,0,0,0,5,,9.13,4.500,13.5,0.0,27.0,13.5,0.50
277,Tyler Mahle\mahlety01,24,CIN,NL,0,3,.000,4.50,5,5,0,0,0,0,28.0,32,14,14,4,7,0,26,0,1,0,116,101,3.88,1.393,10.3,1.3,2.3,8.4,3.71
278,Dillon Maples\mapledi01,27,CHC,NL,0,0,,0.00,1,0,0,0,0,0,1.0,0,0,0,0,2,0,3,0,0,0,5,,3.13,2.000,0.0,0.0,18.0,27.0,1.50
279,Nick Margevicius*\margeni01,23,SDP,NL,2,2,.500,3.60,5,5,0,0,0,0,25.0,20,10,10,3,7,0,23,2,0,0,101,115,3.93,1.080,7.2,1.1,2.5,8.3,3.29
280,German Marquez\marquge01,24,COL,NL,3,1,.750,2.54,6,6,0,1,1,0,39.0,31,11,11,4,10,0,37,2,0,4,157,200,3.49,1.051,7.2,0.9,2.3,8.5,3.70
281,Brett Martin*\martibr01,24,TEX,AL,0,0,,6.75,3,0,1,0,0,0,5.1,4,4,4,2,1,0,3,0,0,1,21,79,7.45,0.938,6.8,3.4,1.7,5.1,3.00
282,Chris Martin\martich02,33,TEX,AL,0,2,.000,4.35,10,0,3,0,0,0,10.1,11,5,5,3,2,0,8,0,0,0,42,120,5.94,1.258,9.6,2.6,1.7,7.0,4.00
283,Russell Martin\martiru01,36,LAD,NL,0,0,,0.00,1,0,1,0,0,0,1.0,0,0,0,0,0,0,0,0,0,0,3,,3.13,0.000,0.0,0.0,0.0,0.0,
284,Jeff Mathis\mathije01,36,TEX,AL,0,0,,0.00,1,0,1,0,0,0,1.0,1,0,0,0,0,0,1,0,0,0,4,,1.13,1.000,9.0,0.0,0.0,9.0,
285,Phil Maton\matonph01,26,SDP,NL,0,0,,5.14,5,0,3,0,0,0,7.0,7,4,4,3,1,0,5,0,0,0,29,84,7.70,1.143,9.0,3.9,1.3,6.4,5.00
286,Steven Matz*\matzst01,28,NYM,NL,2,1,.667,4.03,5,5,0,0,0,0,22.1,19,14,10,5,8,0,25,1,0,1,96,99,5.01,1.209,7.7,2.0,3.2,10.1,3.13
287,Trevor May\maytr01,29,MIN,AL,1,1,.500,3.38,13,0,3,0,0,0,10.2,9,4,4,0,5,0,10,0,0,0,45,140,2.66,1.313,7.6,0.0,4.2,8.4,2.00
288,Mike Mayers\mayermi01,27,STL,NL,0,1,.000,5.40,8,0,2,0,0,0,8.1,10,5,5,2,5,1,8,1,0,1,41,80,6.49,1.800,10.8,2.2,5.4,8.6,1.60
289,Tim Mayza*\mayzati01,27,TOR,AL,0,0,,6.10,14,0,1,0,0,0,10.1,8,8,7,2,8,2,12,0,0,0,49,75,5.65,1.548,7.0,1.7,7.0,10.5,1.50
290,Kevin McCarthy\mccarke01,27,KCR,AL,0,1,.000,19.64,6,0,0,0,0,0,3.2,10,8,8,1,4,0,0,1,0,0,24,26,10.77,3.818,24.5,2.5,9.8,0.0,0.00
291,Jake McGee*\mcgeeja01,32,COL,NL,0,0,,0.00,2,0,0,0,0,0,2.1,2,0,0,0,0,0,3,0,0,0,9,,0.56,0.857,7.7,0.0,0.0,11.6,
292,Collin McHugh\mchugco01,32,HOU,AL,3,2,.600,4.78,6,6,0,0,0,0,32.0,24,18,17,6,10,0,37,2,0,0,131,92,4.38,1.063,6.8,1.7,2.8,10.4,3.70
293,John Means*\meansjo01,26,BAL,AL,3,2,.600,1.74,7,3,1,0,0,0,20.2,17,8,4,2,6,0,23,2,0,0,86,264,3.33,1.113,7.4,0.9,2.6,10.0,3.83
294,Adalberto Mejia*\mejiaad01,26,MIN,AL,0,1,.000,6.55,10,0,2,0,0,0,11.0,10,8,8,2,6,0,10,0,0,0,47,72,5.31,1.455,8.2,1.6,4.9,8.2,1.67
295,Mark Melancon\melanma01,34,SFG,NL,0,0,,1.54,11,0,6,0,0,0,11.2,10,2,2,1,3,0,8,0,0,1,45,277,3.65,1.114,7.7,0.8,2.3,6.2,2.67
296,Miles Mikolas\mikolmi01,30,STL,NL,2,2,.500,5.29,6,6,0,0,0,0,34.0,34,21,20,8,8,0,19,3,0,0,145,79,6.04,1.235,9.0,2.1,2.1,5.0,2.38
297,Wade Miley*\mileywa01,32,HOU,AL,1,2,.333,3.58,5,5,0,0,0,0,27.2,25,11,11,3,5,0,18,1,0,2,113,123,3.89,1.084,8.1,1.0,1.6,5.9,3.60
298,Andrew Miller*\millean01,34,STL,NL,1,1,.500,6.10,14,0,1,0,0,0,10.1,11,9,7,4,9,0,15,3,0,0,53,70,8.75,1.935,9.6,3.5,7.8,13.1,1.67
299,Justin Miller\milleju02,32,WSN,NL,0,0,,7.11,8,0,2,0,0,0,6.1,10,6,5,4,2,0,6,1,0,0,30,66,10.87,1.895,14.2,5.7,2.8,8.5,3.00
300,Shelby Miller\millesh01,28,TEX,AL,1,1,.500,7.52,5,5,0,0,0,0,20.1,24,18,17,4,18,1,10,2,0,0,104,68,7.66,2.066,10.6,1.8,8.0,4.4,0.56
301,Mike Minor*\minormi01,31,TEX,AL,3,2,.600,2.88,6,6,0,1,1,0,40.2,25,13,13,5,12,0,39,2,0,0,156,177,3.85,0.910,5.5,1.1,2.7,8.6,3.25
302,A.J. Minter*\minteaj01,25,ATL,NL,0,3,.000,9.72,10,0,6,0,0,3,8.1,10,9,9,2,6,0,11,0,0,1,41,46,5.77,1.920,10.8,2.2,6.5,11.9,1.83
303,Frankie Montas\montafr02,26,OAK,AL,4,1,.800,3.10,5,5,0,0,0,0,29.0,25,10,10,4,8,0,26,2,0,1,119,142,4.17,1.138,7.8,1.2,2.5,8.1,3.25
304,Mike Montgomery*\montgmi01,29,CHC,NL,0,0,,16.88,4,0,3,0,0,0,2.2,8,6,5,2,1,0,2,0,0,0,17,30,12.51,3.375,27.0,6.8,3.4,6.8,2.00
305,Dylan Moore\mooredy01,26,SEA,AL,0,0,,36.00,1,0,1,0,0,0,1.0,5,4,4,0,2,0,0,0,0,0,10,16,9.13,7.000,45.0,0.0,18.0,0.0,0.00
306,Matt Moore*\moorema02,30,DET,AL,0,0,,0.00,2,2,0,0,0,0,10.0,3,0,0,0,1,0,9,0,0,0,33,,1.63,0.400,2.7,0.0,0.9,8.1,9.00
307,Kendrys Morales\moralke01,36,OAK,AL,0,0,,9.00,1,0,1,0,0,0,1.0,1,1,1,0,2,0,0,1,0,0,7,65,12.13,3.000,9.0,0.0,18.0,0.0,0.00
308,Adam Morgan*\morgaad01,29,PHI,NL,1,0,1.000,0.00,14,0,0,0,0,0,10.2,4,0,0,0,2,0,12,1,0,0,37,,1.73,0.563,3.4,0.0,1.7,10.1,6.00
309,Reyes Moronta\moronre01,26,SFG,NL,0,2,.000,2.45,10,0,0,0,0,0,11.0,6,3,3,1,4,0,18,0,0,0,44,174,2.13,0.909,4.9,0.8,3.3,14.7,4.50
310,Charlie Morton\mortoch02,35,TBR,AL,3,0,1.000,2.76,6,6,0,0,0,0,32.2,21,10,10,2,16,0,39,4,0,2,134,159,3.38,1.133,5.8,0.6,4.4,10.7,2.44
311,John Ryan Murphy\murphjr01,28,ARI,NL,0,0,,31.50,1,0,1,0,0,0,2.0,8,7,7,2,3,0,0,0,0,0,17,17,20.63,5.500,36.0,9.0,13.5,0.0,0.00
312,Harrison Musgrave*\musgrha01,27,COL,NL,0,0,,4.50,8,0,2,0,0,0,8.0,7,4,4,0,5,1,11,0,0,1,37,116,2.26,1.500,7.9,0.0,5.6,12.4,2.20
313,Joe Musgrove\musgrjo01,26,PIT,NL,1,2,.333,2.06,6,5,0,0,0,0,35.0,25,10,8,1,7,0,31,2,0,0,135,205,2.50,0.914,6.4,0.3,1.8,8.0,4.43
314,Hector Neris\nerishe01,30,PHI,NL,0,1,.000,2.92,12,0,5,0,0,4,12.1,9,4,4,2,3,0,19,1,0,0,49,158,3.13,0.973,6.6,1.5,2.2,13.9,6.33
315,Pat Neshek\neshepa01,38,PHI,NL,0,1,.000,2.45,12,0,4,0,0,1,11.0,13,4,3,1,1,0,5,0,0,0,47,188,3.68,1.273,10.6,0.8,0.8,4.1,5.00
316,Jake Newberry\newbeja01,24,KCR,AL,0,0,,2.08,7,0,3,0,0,0,8.2,6,2,2,1,1,0,10,0,0,0,32,231,2.67,0.808,6.2,1.0,1.0,10.4,10.00
317,Sean Newcomb*\newcose01,26,ATL,NL,0,0,,4.38,3,3,0,0,0,0,12.1,15,6,6,0,8,0,5,0,0,1,58,101,4.27,1.865,10.9,0.0,5.8,3.6,0.63
318,Juan Nicasio\nicasju01,32,PHI,NL,0,1,.000,5.84,9,0,3,0,0,0,12.1,14,8,8,1,6,1,9,1,1,0,56,79,4.43,1.622,10.2,0.7,4.4,6.6,1.50
319,Aaron Nola\nolaaa01,26,PHI,NL,2,0,1.000,5.68,6,6,0,0,0,0,31.2,37,21,20,7,13,0,32,2,0,1,141,80,5.41,1.579,10.5,2.0,3.7,9.1,2.46
320,Daniel Norris*\norrida01,26,DET,AL,1,0,1.000,3.93,5,2,0,0,0,0,18.1,23,8,8,4,6,0,15,0,0,3,80,121,5.31,1.582,11.3,2.0,2.9,7.4,2.50
321,Ivan Nova\novaiv01,32,CHW,AL,0,3,.000,8.42,5,5,0,0,0,0,25.2,39,24,24,4,6,0,18,1,0,2,119,54,4.57,1.753,13.7,1.4,2.1,6.3,3.00
322,Eduardo Nunez\nunezed02,32,BOS,AL,0,0,,9.00,1,0,1,0,0,0,1.0,1,1,1,1,0,0,0,0,0,0,4,68,16.13,1.000,9.0,9.0,0.0,0.0,
323,Scott Oberg\obergsc01,29,COL,NL,0,0,,1.32,11,0,0,0,0,0,13.2,7,2,2,2,6,1,12,0,0,1,52,391,4.60,0.951,4.6,1.3,4.0,7.9,2.00
324,Jake Odorizzi\odorija01,29,MIN,AL,2,2,.500,4.37,5,5,0,0,0,0,22.2,18,12,11,2,10,0,23,1,0,0,94,106,3.71,1.235,7.1,0.8,4.0,9.1,2.30
325,Seunghwan Oh\ohse01,36,COL,NL,1,0,1.000,4.50,11,0,3,0,0,0,10.0,12,5,5,2,2,0,10,0,0,2,43,115,4.33,1.400,10.8,1.8,1.8,9.0,5.00
326,Tyler Olson*\olsonty01,29,CLE,AL,0,0,,3.52,11,0,0,0,0,0,7.2,8,3,3,0,5,0,7,0,0,0,34,138,3.26,1.696,9.4,0.0,5.9,8.2,1.40
327,Josh Osich*\osichjo01,30,CHW,AL,0,0,,2.08,3,0,1,0,0,0,4.1,2,1,1,1,1,1,6,0,0,0,16,232,4.06,0.692,4.2,2.1,2.1,12.5,6.00
328,Roberto Osuna\osunaro01,24,HOU,AL,2,0,1.000,0.73,12,0,12,0,0,7,12.1,3,1,1,0,0,0,10,0,0,1,40,612,1.51,0.243,2.2,0.0,0.0,7.3,
329,Corey Oswalt\oswalco01,25,NYM,NL,0,1,.000,12.15,2,0,0,0,0,0,6.2,9,9,9,1,6,1,5,0,0,0,34,34,6.28,2.250,12.2,1.4,8.1,6.8,0.83
330,Dan Otero\oteroda01,34,CLE,AL,0,0,,1.50,10,0,0,0,0,0,12.0,15,3,2,1,3,0,5,0,0,0,54,319,4.13,1.500,11.3,0.8,2.3,3.8,1.67
331,Adam Ottavino\ottavad01,33,NYY,AL,1,1,.500,2.51,12,0,1,0,0,0,14.1,9,4,4,2,11,0,19,0,0,0,61,186,4.60,1.395,5.7,1.3,6.9,11.9,1.73
332,Chris Paddack\paddach01,23,SDP,NL,1,1,.500,1.67,5,5,0,0,0,0,27.0,10,6,5,2,8,0,30,1,0,0,99,249,2.87,0.667,3.3,0.7,2.7,10.0,3.75
333,Emilio Pagan\paganem01,28,TBR,AL,0,0,,1.29,6,0,4,0,0,3,7.0,1,1,1,0,1,0,8,0,0,1,23,355,1.28,0.286,1.3,0.0,1.3,10.3,8.00
334,Thomas Pannone*\pannoth01,25,TOR,AL,1,2,.333,4.20,9,1,1,0,0,0,15.0,12,7,7,2,3,0,18,1,0,2,60,108,3.27,1.000,7.2,1.2,1.8,10.8,6.00
335,Blake Parker\parkebl01,34,MIN,AL,0,1,.000,1.23,9,0,7,0,0,4,7.1,3,1,1,0,5,0,6,0,0,3,30,389,3.54,1.091,3.7,0.0,6.1,7.4,1.20
336,Wes Parsons\parsowe01,26,ATL,NL,1,1,.500,4.35,12,0,1,0,0,0,10.1,7,6,5,1,8,0,10,0,0,0,43,102,4.78,1.452,6.1,0.9,7.0,8.7,1.25
337,James Paxton*\paxtoja01,30,NYY,AL,3,2,.600,3.38,6,6,0,0,0,0,34.2,30,14,13,3,10,0,51,1,1,2,141,137,2.27,1.154,7.8,0.8,2.6,13.2,5.10
338,Brad Peacock\peacobr01,31,HOU,AL,2,1,.667,3.67,6,4,1,0,0,0,27.0,20,12,11,3,7,0,24,0,0,1,106,120,3.58,1.000,6.7,1.0,2.3,8.0,3.43
339,Felix Pena\penafe01,29,LAA,AL,0,1,.000,3.63,5,4,0,0,0,0,22.1,17,11,9,4,7,0,22,3,0,0,92,125,4.83,1.075,6.9,1.6,2.8,8.9,3.14
340,Freddy Peralta\peralfr01,23,MIL,NL,1,0,1.000,7.13,4,4,0,0,0,0,17.2,20,14,14,5,7,0,22,2,0,0,83,63,5.85,1.528,10.2,2.5,3.6,11.2,3.14
341,Wandy Peralta*\peralwa01,27,CIN,NL,0,0,,1.13,10,0,4,0,0,0,8.0,5,1,1,0,3,0,5,0,0,0,29,415,3.01,1.000,5.6,0.0,3.4,5.6,1.67
342,Wily Peralta\peralwi01,30,KCR,AL,2,1,.667,5.25,12,0,6,0,0,1,12.0,11,7,7,1,6,0,7,0,0,0,50,90,4.55,1.417,8.3,0.8,4.5,5.3,1.17
343,Luis Perdomo\perdolu02,26,SDP,NL,1,0,1.000,0.00,2,0,1,0,0,0,3.0,1,0,0,0,0,0,6,0,0,0,10,,-0.87,0.333,3.0,0.0,0.0,18.0,
344,Martin Perez*\perezma02,28,MIN,AL,3,0,1.000,4.44,6,3,0,0,0,0,26.1,30,14,13,2,12,1,23,1,0,0,118,104,3.85,1.595,10.3,0.7,4.1,7.9,1.92
345,Oliver Perez*\perezol01,37,CLE,AL,0,0,,7.94,11,0,0,0,0,0,5.2,9,5,5,2,2,1,5,1,0,0,29,62,7.54,1.941,14.3,3.2,3.2,7.9,2.50
346,Dillon Peters*\peterdi01,26,LAA,AL,0,0,,3.00,3,0,0,0,0,0,3.0,3,1,1,1,3,0,4,0,0,0,15,166,7.80,2.000,9.0,3.0,9.0,12.0,1.33
347,Tim Peterson\peterti01,28,NYM,NL,0,0,,4.50,4,0,1,0,0,0,4.0,4,2,2,0,6,1,2,0,0,2,21,96,6.63,2.500,9.0,0.0,13.5,4.5,0.33
348,Yusmeiro Petit\petityu01,34,OAK,AL,0,1,.000,2.93,14,0,4,0,0,0,15.1,10,5,5,3,2,0,8,0,0,0,56,151,5.02,0.783,5.9,1.8,1.2,4.7,4.00
349,Jake Petricka\petrija01,31,MIL,NL,0,0,,3.38,6,0,6,0,0,0,8.0,6,3,3,0,6,1,3,0,0,1,36,136,4.63,1.500,6.8,0.0,6.8,3.4,0.50
350,Evan Phillips\phillev01,24,BAL,AL,0,0,,4.00,7,0,0,0,0,0,9.0,8,4,4,0,6,0,12,2,0,2,42,117,3.13,1.556,8.0,0.0,6.0,12.0,2.00
351,Michael Pineda\pinedmi01,30,MIN,AL,2,1,.667,5.63,5,5,0,0,0,0,24.0,28,15,15,4,5,0,20,0,0,1,99,82,4.26,1.375,10.5,1.5,1.9,7.5,4.00
352,Nick Pivetta\pivetni01,26,PHI,NL,2,1,.667,8.35,4,4,0,0,0,0,18.1,31,18,17,5,8,0,16,1,0,0,93,55,6.41,2.127,15.2,2.5,3.9,7.9,2.00
353,Kevin Plawecki\plaweke01,28,CLE,AL,0,0,,0.00,1,0,1,0,0,0,1.0,0,0,0,0,0,0,0,0,0,0,3,,3.13,0.000,0.0,0.0,0.0,0.0,
354,Drew Pomeranz*\pomerdr01,30,SFG,NL,1,2,.333,3.65,5,5,0,0,0,0,24.2,24,10,10,4,10,0,28,1,1,0,105,115,4.31,1.378,8.8,1.5,3.6,10.2,2.80
355,Daniel Ponce de Leon\ponceda01,27,STL,NL,0,0,,1.80,1,1,0,0,0,0,5.0,2,1,1,1,3,1,7,0,0,0,20,247,4.73,1.000,3.6,1.8,5.4,12.6,2.33
356,Rick Porcello\porceri01,30,BOS,AL,1,3,.250,7.43,5,5,0,0,0,0,23.0,34,24,19,5,15,0,20,1,0,1,117,63,6.31,2.130,13.3,2.0,5.9,7.8,1.33
357,Bobby Poyner*\poynebo01,26,BOS,AL,0,0,,18.00,2,0,1,0,0,0,1.0,3,2,2,0,2,0,0,0,0,0,7,34,9.13,5.000,27.0,0.0,18.0,0.0,0.00
358,Ryan Pressly\pressry01,30,HOU,AL,1,0,1.000,0.00,10,0,2,0,0,1,11.1,4,0,0,0,0,0,11,0,0,1,38,,1.19,0.353,3.2,0.0,0.0,8.7,
359,David Price*\priceda01,33,BOS,AL,1,2,.333,3.60,5,5,0,0,0,0,30.0,24,12,12,4,8,0,37,0,0,0,117,129,3.20,1.067,7.2,1.2,2.4,11.1,4.63
360,Austin Pruitt\pruitau01,29,TBR,AL,0,0,,10.80,1,0,0,0,0,0,1.2,3,2,2,1,0,0,1,0,0,1,8,49,9.73,1.800,16.2,5.4,0.0,5.4,
361,Jose Quijada*\quijajo01,23,MIA,NL,0,0,,0.00,2,0,0,0,0,0,1.0,1,0,0,0,1,0,3,0,0,1,5,,0.13,2.000,9.0,0.0,9.0,27.0,3.00
362,Jose Quintana*\quintjo01,30,CHC,NL,3,1,.750,3.21,5,4,0,0,0,0,28.0,27,12,10,3,9,0,36,0,0,2,119,140,2.92,1.286,8.7,1.0,2.9,11.6,4.00
363,Erasmo Ramirez\ramirer02,29,BOS,AL,0,0,,12.00,1,0,1,0,0,0,3.0,4,4,4,2,1,0,1,1,0,0,15,43,13.13,1.667,12.0,6.0,3.0,3.0,1.00
364,Neil Ramirez\ramirne01,30,CLE,AL,0,1,.000,7.20,10,0,2,0,0,0,10.0,13,9,8,4,5,0,13,0,0,0,47,67,7.23,1.800,11.7,3.6,4.5,11.7,2.60
365,Noe Ramirez\ramirno01,29,LAA,AL,1,0,1.000,3.14,9,0,3,0,0,0,14.1,10,5,5,3,5,0,18,0,0,0,57,146,4.39,1.047,6.3,1.9,3.1,11.3,3.60
366,Edubray Ramos\ramosed02,26,PHI,NL,0,0,,6.00,7,0,2,0,0,0,6.0,9,5,4,1,3,0,6,0,0,2,27,79,4.80,2.000,13.5,1.5,4.5,9.0,2.00
367,Matt Ramsey\ramsema01,29,LAA,AL,0,0,,0.00,1,0,1,0,0,0,1.0,0,0,0,0,0,0,1,0,0,0,3,,1.13,0.000,0.0,0.0,0.0,9.0,
368,Robbie Ray*\rayro02,27,ARI,NL,1,1,.500,4.18,6,6,0,0,0,0,32.1,23,15,15,4,17,1,37,1,0,1,136,110,4.12,1.237,6.4,1.1,4.7,10.3,2.18
369,Sean Reid-Foley\reidfse01,23,TOR,AL,0,1,.000,13.50,1,1,0,0,0,0,2.0,4,5,3,1,2,0,3,1,0,2,14,38,11.13,3.000,18.0,4.5,9.0,13.5,1.50
370,Zac Reininger\reiniza01,26,DET,AL,0,0,,67.50,2,0,0,0,0,0,0.2,5,5,5,2,0,0,1,0,0,0,7,10,39.13,7.500,67.5,27.0,0.0,13.5,
371,Alex Reyes\reyesal02,24,STL,NL,0,1,.000,15.00,4,0,0,0,0,0,3.0,2,5,5,1,6,0,1,0,0,1,17,31,12.80,2.667,6.0,3.0,18.0,3.0,0.17
372,Gerardo Reyes\reyesge01,26,SDP,NL,1,0,1.000,36.00,2,0,0,0,0,0,1.0,3,4,4,0,1,0,2,0,0,0,7,16,2.13,4.000,27.0,0.0,9.0,18.0,2.00
373,Jacob Rhame\rhameja01,26,NYM,NL,0,0,,8.10,3,0,2,0,0,0,3.1,3,3,3,1,5,0,2,0,0,0,17,54,10.33,2.400,8.1,2.7,13.5,5.4,0.40
374,Trevor Richards\richatr01,26,MIA,NL,0,4,.000,4.64,6,6,0,0,0,0,33.0,26,17,17,5,18,3,31,3,0,1,143,86,5.13,1.333,7.1,1.4,4.9,8.5,1.72
375,Tanner Roark\roarkta01,32,CIN,NL,1,1,.500,3.24,5,5,0,0,0,0,25.0,29,10,9,2,11,1,24,2,0,0,112,140,3.81,1.600,10.4,0.7,4.0,8.6,2.18
376,David Robertson\roberda08,34,PHI,NL,0,1,.000,5.40,7,0,3,0,0,0,6.2,8,4,4,1,6,0,6,0,0,0,33,87,5.98,2.100,10.8,1.4,8.1,8.1,1.00
377,Hansel Robles\robleha01,28,LAA,AL,1,0,1.000,3.00,14,1,3,0,0,1,12.0,8,4,4,1,3,0,16,0,0,0,48,153,2.30,0.917,6.0,0.8,2.3,12.0,5.33
378,Fernando Rodney\rodnefe01,42,OAK,AL,0,1,.000,6.55,12,0,6,0,0,0,11.0,13,8,8,0,7,0,11,0,0,2,50,68,3.04,1.818,10.6,0.0,5.7,9.0,1.57
379,Carlos Rodon*\rodonca01,26,CHW,AL,3,2,.600,4.94,6,6,0,0,0,0,31.0,28,19,17,4,15,0,40,1,0,4,140,92,3.78,1.387,8.1,1.2,4.4,11.6,2.67
380,Dereck Rodriguez\rodride01,27,SFG,NL,3,2,.600,3.54,5,5,0,0,0,0,28.0,23,11,11,4,5,0,22,1,0,1,111,119,4.06,1.000,7.4,1.3,1.6,7.1,4.40
381,Eduardo Rodriguez*\rodried05,26,BOS,AL,2,2,.500,5.88,5,5,0,0,0,0,26.0,28,19,17,4,10,1,28,1,0,0,117,79,4.25,1.462,9.7,1.4,3.5,9.7,2.80
382,Jefry Rodriguez\rodrije01,25,CLE,AL,0,1,.000,2.13,2,2,0,0,0,0,12.2,8,3,3,1,2,0,6,0,0,0,48,224,3.69,0.789,5.7,0.7,1.4,4.3,3.00
383,Richard Rodriguez\rodriri05,29,PIT,NL,0,1,.000,3.75,14,0,2,0,0,1,12.0,12,6,5,4,4,0,12,1,0,1,53,115,6.72,1.333,9.0,3.0,3.0,9.0,3.00
384,Chaz Roe\roech01,32,TBR,AL,0,2,.000,3.52,12,0,1,0,0,0,7.2,8,3,3,1,8,1,10,0,0,0,39,129,5.35,2.087,9.4,1.2,9.4,11.7,1.25
385,Josh Rogers*\rogerjo01,24,BAL,AL,0,0,,12.27,1,0,0,0,0,0,3.2,4,5,5,3,1,0,1,1,0,0,17,40,14.86,1.364,9.8,7.4,2.5,2.5,1.00
386,Taylor Rogers*\rogerta01,28,MIN,AL,0,0,,2.13,11,0,3,0,0,3,12.2,16,3,3,1,3,1,18,3,0,0,59,220,2.74,1.500,11.4,0.7,2.1,12.8,6.00
387,Fernando Romero\romerfe01,24,MIN,AL,0,0,,9.00,3,0,2,0,0,0,5.0,7,5,5,2,1,0,4,0,0,1,22,54,7.33,1.600,12.6,3.6,1.8,7.2,4.00
388,Sergio Romo\romose01,36,MIA,NL,1,0,1.000,6.00,10,0,6,0,0,4,9.0,7,6,6,1,4,0,7,0,0,1,38,68,4.36,1.222,7.0,1.0,4.0,7.0,1.75
389,Hector Rondon\rondohe01,31,HOU,AL,2,1,.667,2.79,10,0,1,0,0,0,9.2,10,3,3,1,2,0,9,1,0,0,40,161,3.55,1.241,9.3,0.9,1.9,8.4,4.50
390,Randy Rosario*\rosarra01,25,CHC,NL,0,0,,6.43,8,0,1,0,0,0,7.0,8,6,5,1,5,0,9,0,0,1,34,72,4.56,1.857,10.3,1.3,6.4,11.6,1.80
391,Trevor Rosenthal\rosentr01,29,WSN,NL,0,1,.000,36.00,7,0,2,0,0,0,3.0,7,12,12,0,9,0,3,3,0,5,28,14,13.13,5.333,21.0,0.0,27.0,9.0,0.33
392,Joe Ross\rossjo01,26,WSN,NL,0,0,,4.76,5,0,0,0,0,0,5.2,4,3,3,1,2,0,4,1,0,0,23,100,5.60,1.059,6.4,1.6,3.2,6.4,2.00
393,Tyson Ross\rossty01,32,DET,AL,1,3,.250,4.03,5,5,0,0,0,0,29.0,28,17,13,4,12,0,22,0,0,1,124,117,4.65,1.379,8.7,1.2,3.7,6.8,1.83
394,Zac Rosscup*\rosscza01,31,SEA,AL,2,0,1.000,2.35,12,0,0,0,0,0,7.2,7,5,2,1,9,1,11,0,0,1,39,189,5.48,2.087,8.2,1.2,10.6,12.9,1.22
395,Jose Ruiz\ruizjo01,24,CHW,AL,0,0,,9.53,7,0,1,0,0,0,5.2,12,6,6,2,2,0,4,1,0,0,31,50,7.90,2.471,19.1,3.2,3.2,6.4,2.00
396,Nick Rumbelow\rumbeni01,27,SEA,AL,0,0,,27.00,3,0,1,0,0,1,1.1,3,4,4,2,1,0,2,0,0,1,9,20,21.88,3.000,20.3,13.5,6.8,13.5,2.00
397,Kyle Ryan*\ryanky01,27,CHC,NL,0,0,,1.80,9,0,3,0,0,0,10.0,5,2,2,0,5,1,14,0,0,0,40,255,1.83,1.000,4.5,0.0,4.5,12.6,2.80
398,Hyun-Jin Ryu*\ryuhy01,32,LAD,NL,3,1,.750,2.96,5,5,0,0,0,0,27.1,26,9,9,6,2,0,33,0,0,0,107,141,3.79,1.024,8.6,2.0,0.7,10.9,16.50
399,CC Sabathia*\sabatc.01,38,NYY,AL,1,0,1.000,2.40,3,3,0,0,0,0,15.0,10,6,4,3,4,0,11,0,0,0,59,194,5.07,0.933,6.0,1.8,2.4,6.6,2.75
400,Casey Sadler\sadleca02,28,TBR,AL,0,0,,0.00,1,0,1,0,0,0,2.0,2,0,0,0,0,0,0,0,0,0,6,,3.13,1.000,9.0,0.0,0.0,0.0,
401,Connor Sadzeck\sadzeco01,27,SEA,AL,0,0,,0.96,7,0,3,0,0,1,9.1,3,1,1,0,3,0,10,0,0,2,35,458,1.95,0.643,2.9,0.0,2.9,9.6,3.33
402,Chris Sale*\salech01,30,BOS,AL,0,4,.000,7.43,5,5,0,0,0,0,23.0,28,19,19,6,7,0,24,2,0,0,106,63,5.61,1.522,11.0,2.3,2.7,9.4,3.43
403,Jeff Samardzija\samarje01,34,SFG,NL,2,1,.667,3.00,5,5,0,0,0,0,27.0,22,10,9,3,9,1,24,0,0,0,109,140,3.80,1.148,7.3,1.0,3.0,8.0,2.67
404,Adrian Sampson\sampsad01,27,TEX,AL,0,1,.000,4.50,6,2,1,0,0,0,22.0,24,11,11,4,8,1,14,1,0,2,93,114,5.45,1.455,9.8,1.6,3.3,5.7,1.75
405,Aaron Sanchez\sanchaa01,26,TOR,AL,3,1,.750,2.32,6,6,0,0,0,0,31.0,21,12,8,2,20,0,27,3,0,3,131,193,4.46,1.323,6.1,0.6,5.8,7.8,1.35
406,Anibal Sanchez\sanchan01,35,WSN,NL,0,3,.000,6.00,5,5,0,0,0,0,27.0,32,18,18,4,16,3,20,0,0,0,130,76,5.36,1.778,10.7,1.3,5.3,6.7,1.25
407,Dennis Santana\santade01,23,LAD,NL,0,0,,7.20,3,0,1,0,0,0,5.0,6,4,4,1,4,0,6,2,0,1,27,62,6.93,2.000,10.8,1.8,7.2,10.8,1.50
408,Ervin Santana\santaer01,36,CHW,AL,0,2,.000,9.45,3,3,0,0,0,0,13.1,19,14,14,6,6,0,5,0,0,1,64,49,9.58,1.875,12.8,4.1,4.1,3.4,0.83
409,Max Scherzer\scherma01,34,WSN,NL,1,3,.250,4.12,6,6,0,0,0,0,39.1,39,20,18,4,5,1,54,2,0,0,159,110,2.24,1.119,8.9,0.9,1.1,12.4,10.80
410,Jaime Schultz\schulja02,28,LAD,NL,0,0,,0.00,3,0,2,0,0,0,3.0,1,0,0,0,2,0,3,0,0,0,11,,3.13,1.000,3.0,0.0,6.0,9.0,1.50
411,Tanner Scott*\scottta01,24,BAL,AL,0,0,,7.11,7,0,1,0,0,0,6.1,10,7,5,2,6,1,11,0,0,0,33,67,6.61,2.526,14.2,2.8,8.5,15.6,1.83
412,Antonio Senzatela\senzaan01,24,COL,NL,2,1,.667,3.93,3,3,0,0,0,0,18.1,20,8,8,2,5,0,11,1,0,0,76,130,4.33,1.364,9.8,1.0,2.5,5.4,2.20
413,Paul Sewald\sewalpa01,29,NYM,NL,0,0,,3.60,3,0,2,0,0,0,5.0,4,2,2,1,2,0,1,1,0,0,21,117,7.13,1.200,7.2,1.8,3.6,1.8,0.50
414,Bryan Shaw\shawbr01,31,COL,NL,1,0,1.000,1.13,13,0,5,0,0,0,16.0,10,3,2,1,7,0,6,1,0,1,64,457,4.70,1.063,5.6,0.6,3.9,3.4,0.86
415,Justus Sheffield*\sheffju01,23,SEA,AL,0,0,,6.00,1,0,0,0,0,0,3.0,2,2,2,1,4,0,3,0,0,0,14,79,9.47,2.000,6.0,3.0,12.0,9.0,0.75
416,Matt Shoemaker\shoemma01,32,TOR,AL,3,0,1.000,1.57,5,5,0,0,0,0,28.2,16,7,5,3,9,0,24,1,0,1,108,286,3.87,0.872,5.0,0.9,2.8,7.5,2.67
417,JB Shuck*\shuckja01,32,PIT,NL,0,0,,0.00,1,0,1,0,0,0,1.0,1,0,0,0,1,0,0,0,0,0,5,,6.13,2.000,9.0,0.0,9.0,0.0,0.00
418,Tony Sipp*\sippto01,35,WSN,NL,0,1,.000,9.53,12,0,2,0,0,0,5.2,8,6,6,0,1,0,5,1,0,0,27,50,2.43,1.588,12.7,0.0,1.6,7.9,5.00
419,Tyler Skaggs*\skaggty01,27,LAA,AL,2,2,.500,3.15,4,4,0,0,0,0,20.0,20,7,7,4,5,0,19,0,0,0,81,144,4.58,1.250,9.0,1.8,2.3,8.6,3.80
420,Caleb Smith*\smithca03,27,MIA,NL,2,0,1.000,2.17,5,5,0,0,0,0,29.0,17,7,7,3,7,0,37,0,0,3,109,183,2.65,0.828,5.3,0.9,2.2,11.5,5.29
421,Will Smith*\smithwi04,29,SFG,NL,0,0,,1.04,9,0,8,0,0,6,8.2,4,1,1,0,3,0,9,0,0,0,31,415,2.09,0.808,4.2,0.0,3.1,9.3,3.00
422,Drew Smyly*\smylydr01,30,TEX,AL,0,2,.000,7.80,4,4,0,0,0,0,15.0,19,13,13,4,10,0,19,1,0,2,75,66,6.27,1.933,11.4,2.4,6.0,11.4,1.90
423,Blake Snell*\snellbl01,26,TBR,AL,2,2,.500,2.54,5,5,0,0,0,0,28.1,20,9,8,5,6,0,39,0,0,1,104,173,3.31,0.918,6.4,1.6,1.9,12.4,6.50
424,Chad Sobotka\sobotch01,25,ATL,NL,0,0,,9.28,12,0,2,0,0,0,10.2,12,12,11,3,8,0,15,2,1,0,54,48,6.79,1.875,10.1,2.5,6.8,12.7,1.88
425,Joakim Soria\soriajo01,35,OAK,AL,0,2,.000,7.30,14,0,2,0,0,0,12.1,13,10,10,0,7,1,12,1,1,2,58,61,3.13,1.622,9.5,0.0,5.1,8.8,1.71
426,Mike Soroka\sorokmi01,21,ATL,NL,1,1,.500,1.69,2,2,0,0,0,0,10.2,9,2,2,0,5,1,13,2,0,1,49,264,2.66,1.313,7.6,0.0,4.2,11.0,2.60
427,Glenn Sparkman\sparkgl01,27,KCR,AL,0,1,.000,8.10,3,0,1,0,0,0,6.2,13,6,6,1,2,0,3,0,0,0,35,60,5.08,2.250,17.6,1.4,2.7,4.1,1.50
428,Jeffrey Springs*\sprinje01,26,TEX,AL,2,0,1.000,5.25,9,0,2,0,0,0,12.0,12,7,7,0,10,0,12,0,0,0,57,99,3.63,1.833,9.0,0.0,7.5,9.0,1.20
429,Craig Stammen\stammcr01,35,SDP,NL,3,1,.750,2.76,14,0,1,0,0,0,16.1,14,6,5,3,1,0,12,0,0,0,64,152,4.24,0.918,7.7,1.7,0.6,6.6,12.00
430,Ryne Stanek\stanery01,27,TBR,AL,0,0,,1.32,11,6,0,0,0,0,13.2,9,2,2,1,3,0,13,0,0,0,52,338,2.84,0.878,5.9,0.7,2.0,8.6,4.33
431,Drew Steckenrider\steckdr01,28,MIA,NL,0,2,.000,7.15,12,0,4,0,0,0,11.1,7,9,9,5,3,0,12,1,0,0,46,57,7.81,0.882,5.6,4.0,2.4,9.5,4.00
432,Robert Stephenson\stephro01,26,CIN,NL,2,0,1.000,2.08,10,0,2,0,0,0,13.0,7,4,3,0,4,2,18,0,0,0,50,221,1.29,0.846,4.8,0.0,2.8,12.5,4.50
433,Brock Stewart\stewabr01,27,LAD,NL,0,0,,18.00,3,0,1,0,0,0,4.0,9,8,8,2,2,0,3,0,0,1,21,25,9.63,2.750,20.3,4.5,4.5,6.8,1.50
434,Kohl Stewart\stewako01,24,MIN,AL,0,1,.000,7.50,1,1,0,0,0,0,6.0,8,5,5,2,3,0,1,0,0,2,27,64,8.63,1.833,12.0,3.0,4.5,1.5,0.33
435,Robert Stock\stockro01,29,SDP,NL,1,0,1.000,9.00,7,0,1,0,0,0,6.0,7,8,6,1,6,0,9,0,0,2,32,48,5.30,2.167,10.5,1.5,9.0,13.5,1.50
436,Matt Strahm*\strahma01,27,SDP,NL,0,2,.000,3.04,5,5,0,0,0,0,26.2,23,10,9,3,5,0,21,2,1,1,108,137,3.81,1.050,7.8,1.0,1.7,7.1,4.20
437,Dan Straily\straida01,30,BAL,AL,1,1,.500,6.75,5,4,0,0,0,0,18.2,24,15,14,7,7,0,9,0,0,1,87,68,8.17,1.661,11.6,3.4,3.4,4.3,1.29
438,Stephen Strasburg\strasst01,30,WSN,NL,2,1,.667,3.82,6,6,0,0,0,0,37.2,28,16,16,6,10,1,48,0,0,0,151,118,3.45,1.009,6.7,1.4,2.4,11.5,4.80
439,Chris Stratton\stratch01,28,LAA,AL,0,2,.000,7.11,6,5,0,0,0,0,25.1,36,20,20,4,15,0,21,0,0,1,123,64,5.30,2.013,12.8,1.4,5.3,7.5,1.40
440,Hunter Strickland\strichu01,30,SEA,AL,0,1,.000,11.57,3,0,2,0,0,2,2.1,2,3,3,1,0,0,3,1,0,0,10,42,7.42,0.857,7.7,3.9,0.0,11.6,
441,Ross Stripling\stripro01,29,LAD,NL,1,1,.500,2.65,6,6,0,0,0,0,34.0,27,10,10,4,10,0,32,1,0,1,136,158,3.75,1.088,7.1,1.1,2.6,8.5,3.20
442,Marcus Stroman\stromma01,28,TOR,AL,1,3,.250,1.43,6,6,0,0,0,0,37.2,27,9,6,0,14,0,36,0,0,0,151,312,2.34,1.088,6.5,0.0,3.3,8.6,2.57
443,Pedro Strop\stroppe01,34,CHC,NL,1,1,.500,3.52,9,0,8,0,0,3,7.2,4,3,3,1,2,0,7,0,0,1,27,132,3.79,0.783,4.7,1.2,2.3,8.2,3.50
444,Daniel Stumpf*\stumpda01,28,DET,AL,1,0,1.000,2.57,11,0,1,0,0,0,7.0,7,2,2,0,2,0,12,0,0,0,29,190,0.56,1.286,9.0,0.0,2.6,15.4,6.00
445,Jesus Sucre\sucreje01,31,BAL,AL,0,0,,0.00,1,0,1,0,0,0,1.0,0,0,0,0,0,0,0,0,0,0,3,,3.13,0.000,0.0,0.0,0.0,0.0,
446,Wander Suero\suerowa01,27,WSN,NL,1,3,.250,8.18,13,0,3,0,0,0,11.0,8,10,10,1,6,2,13,1,0,1,47,56,3.86,1.273,6.5,0.8,4.9,10.6,2.17
447,Erik Swanson\swanser01,25,SEA,AL,0,2,.000,4.61,3,2,0,0,0,0,13.2,12,8,7,3,2,0,12,0,0,0,56,95,4.67,1.024,7.9,2.0,1.3,7.9,6.00
448,Anthony Swarzak\swarzan01,33,SEA,AL,2,0,1.000,3.24,9,0,6,0,0,3,8.1,5,3,3,3,5,1,11,0,0,1,35,137,6.97,1.200,5.4,3.2,5.4,11.9,2.20
449,Noah Syndergaard\syndeno01,26,NYM,NL,1,3,.250,6.35,6,6,0,0,0,0,34.0,40,26,24,5,10,0,39,1,0,2,148,62,3.72,1.471,10.6,1.3,2.6,10.3,3.90
450,Jameson Taillon\taillja01,27,PIT,NL,1,3,.250,4.06,6,6,0,1,0,0,31.0,29,20,14,2,6,1,25,2,0,0,131,104,3.13,1.129,8.4,0.6,1.7,7.3,4.17
451,Masahiro Tanaka\tanakma01,30,NYY,AL,2,2,.500,3.60,6,6,0,0,0,0,35.0,34,16,14,5,11,0,30,0,0,0,142,128,4.22,1.286,8.7,1.3,2.8,7.7,2.73
452,Stephen Tarpley*\tarplst01,26,NYY,AL,0,0,,10.80,5,0,0,0,0,0,3.1,4,4,4,1,4,0,4,0,0,3,17,47,8.23,2.400,10.8,2.7,10.8,10.8,1.00
453,Julio Teheran\teherju01,28,ATL,NL,2,3,.400,5.40,6,6,0,0,0,0,31.2,33,19,19,5,17,1,36,1,0,2,142,81,4.62,1.579,9.4,1.4,4.8,10.2,2.12
454,Ryan Tepera\teperry01,31,TOR,AL,0,0,,8.10,4,0,0,0,0,0,3.1,1,3,3,0,3,0,2,0,0,1,13,60,4.63,1.200,2.7,0.0,8.1,5.4,0.67
455,Tyler Thornburg\thornty01,30,BOS,AL,0,0,,7.59,10,0,2,0,0,0,10.2,10,9,9,2,5,0,12,0,0,1,47,63,4.73,1.406,8.4,1.7,4.2,10.1,2.40
456,Trent Thornton\thorntr01,25,TOR,AL,0,3,.000,5.79,5,5,0,0,0,0,23.1,25,15,15,5,7,0,26,0,0,1,100,78,4.59,1.371,9.6,1.9,2.7,10.0,3.71
457,Josh Tomlin\tomlijo01,34,ATL,NL,0,0,,3.60,8,0,4,0,0,0,10.0,9,5,4,1,0,0,10,0,0,0,39,124,2.43,0.900,8.1,0.9,0.0,9.0,
458,Touki Toussaint\toussto01,23,ATL,NL,1,0,1.000,8.59,2,1,0,0,0,0,7.1,10,8,7,0,3,0,9,3,0,1,37,53,3.13,1.773,12.3,0.0,3.7,11.0,3.00
459,Blake Treinen\treinbl01,31,OAK,AL,1,1,.500,0.68,11,0,10,0,0,6,13.1,7,1,1,0,9,1,17,0,0,0,54,660,2.61,1.200,4.7,0.0,6.1,11.5,1.89
460,Lou Trivino\trivilo01,27,OAK,AL,1,0,1.000,1.42,12,0,1,0,0,0,12.2,6,2,2,1,1,0,16,0,0,1,44,314,1.87,0.553,4.3,0.7,0.7,11.4,16.00
461,Spencer Turnbull\turnbsp01,26,DET,AL,1,2,.333,2.77,5,5,0,0,0,0,26.0,23,10,8,2,11,0,26,3,0,0,112,170,3.75,1.308,8.0,0.7,3.8,9.0,2.36
462,Jose Urena\urenajo01,27,MIA,NL,1,4,.200,5.08,6,6,0,0,0,0,33.2,43,21,19,5,9,1,25,1,0,1,150,78,4.47,1.545,11.5,1.3,2.4,6.7,2.78
463,Julio Urias*\uriasju01,22,LAD,NL,1,1,.500,3.32,5,4,0,0,0,0,21.2,14,9,8,2,8,0,26,2,0,1,90,127,3.32,1.015,5.8,0.8,3.3,10.8,3.25
464,Framber Valdez*\valdefr01,25,HOU,AL,0,1,.000,4.26,4,0,2,0,0,0,6.1,5,3,3,0,5,0,8,0,0,0,27,107,2.98,1.579,7.1,0.0,7.1,11.4,1.60
465,Jason Vargas*\vargaja01,36,NYM,NL,1,1,.500,7.20,5,4,1,0,0,0,15.0,20,12,12,3,9,0,10,1,0,0,76,56,6.40,1.933,12.0,1.8,5.4,6.0,1.11
466,Andrew Vasquez*\vasquan02,25,MIN,AL,0,0,,inf,1,0,0,0,0,0,0.0,0,3,3,0,2,0,0,1,0,0,3,6,,,,,,,0.00
467,Felipe Vazquez*\riverfe01,27,PIT,NL,1,0,1.000,0.00,10,0,8,0,0,6,11.2,10,1,0,0,4,0,20,0,0,2,51,,0.73,1.200,7.7,0.0,3.1,15.4,5.00
468,Vince Velasquez\velasvi01,27,PHI,NL,1,0,1.000,1.99,5,4,1,0,0,0,22.2,16,5,5,3,7,1,22,1,0,1,90,229,3.97,1.015,6.4,1.2,2.8,8.7,3.14
469,Hector Velazquez\velazhe01,30,BOS,AL,0,2,.000,3.94,7,3,2,0,0,0,16.0,15,8,7,1,6,0,15,1,0,2,64,120,3.38,1.313,8.4,0.6,3.4,8.4,2.50
470,Jonny Venters*\ventejo01,34,ATL,NL,0,0,,20.25,6,0,0,0,0,0,2.2,6,6,6,2,5,0,5,0,0,0,18,24,14.76,4.125,20.3,6.8,16.9,16.9,1.00
471,Drew VerHagen\verhadr01,28,DET,AL,1,0,1.000,7.71,8,0,3,0,0,0,4.2,5,4,4,1,7,1,7,0,0,1,25,65,7.42,2.571,9.6,1.9,13.5,13.5,1.00
472,Justin Verlander\verlaju01,36,HOU,AL,4,0,1.000,2.61,6,6,0,0,0,0,38.0,25,11,11,6,9,0,46,3,0,0,151,168,3.71,0.895,5.9,1.4,2.1,10.9,5.11
473,Nick Vincent\vinceni01,32,SFG,NL,0,1,.000,1.84,10,0,4,0,0,0,14.2,14,3,3,0,5,2,11,1,1,0,61,230,2.86,1.295,8.6,0.0,3.1,6.8,2.20
474,Arodys Vizcaino\vizcaar01,28,ATL,NL,1,0,1.000,2.25,4,0,4,0,0,1,4.0,3,1,1,1,3,0,6,0,0,0,17,209,5.63,1.500,6.8,2.3,6.8,13.5,2.00
475,Edinson Volquez\volqued01,35,TEX,AL,0,0,,7.04,2,2,0,0,0,0,7.2,10,6,6,2,8,0,6,0,0,1,39,75,8.09,2.348,11.7,2.3,9.4,7.0,0.75
476,Michael Wacha\wachami01,27,STL,NL,1,0,1.000,4.64,4,4,0,0,0,0,21.1,20,11,11,5,14,1,24,0,0,0,96,91,5.90,1.594,8.4,2.1,5.9,10.1,1.71
477,Adam Wainwright\wainwad01,37,STL,NL,2,2,.500,3.96,5,5,0,0,0,0,25.0,24,12,11,3,10,1,22,1,0,0,107,106,4.25,1.360,8.6,1.1,3.6,7.9,2.20
478,Marcus Walden\waldema01,30,BOS,AL,3,0,1.000,2.19,9,0,1,0,0,0,12.1,7,5,3,1,5,0,15,1,0,0,50,216,3.21,0.973,5.1,0.7,3.6,10.9,3.00
479,Adam Warren\warread01,31,SDP,NL,1,0,1.000,3.86,9,0,2,0,0,0,11.2,9,5,5,4,6,0,11,0,0,0,49,110,7.25,1.286,6.9,3.1,4.6,8.5,1.83
480,Tony Watson*\watsoto01,34,SFG,NL,0,0,,2.25,9,0,0,0,0,0,8.0,9,2,2,1,1,1,4,0,0,1,33,192,4.13,1.250,10.1,1.1,1.1,4.5,4.00
481,Luke Weaver\weavelu01,25,ARI,NL,2,1,.667,3.33,5,5,0,0,0,0,27.0,26,11,10,2,6,1,31,1,0,0,113,139,2.58,1.185,8.7,0.7,2.0,10.3,5.17
482,Jacob Webb\webbja01,25,ATL,NL,0,0,,0.00,4,0,1,0,0,0,2.2,1,0,0,0,1,0,3,0,0,1,10,,2.01,0.750,3.4,0.0,3.4,10.1,3.00
483,Tyler Webb*\webbty01,28,STL,NL,0,0,,7.94,8,0,1,0,0,0,5.2,4,5,5,2,3,0,6,0,0,0,24,55,7.19,1.235,6.4,3.2,4.8,9.5,2.00
484,Allen Webster\webstal01,29,CHC,NL,0,0,,4.70,8,0,4,0,0,0,7.2,11,5,4,2,2,1,6,0,0,2,35,99,5.74,1.696,12.9,2.3,2.3,7.0,3.00
485,J.B. Wendelken\wendejb01,26,OAK,AL,0,0,,3.63,14,0,0,0,0,0,17.1,11,8,7,2,3,0,20,1,0,0,68,122,3.02,0.808,5.7,1.0,1.6,10.4,6.67
486,Zack Wheeler\wheelza01,29,NYM,NL,2,2,.500,4.85,5,5,0,0,0,0,29.2,26,16,16,3,14,0,33,0,0,0,127,82,3.64,1.348,7.9,0.9,4.2,10.0,2.36
487,Brad Wieck*\wieckbr01,27,SDP,NL,0,0,,4.05,9,0,0,0,0,0,6.2,7,3,3,2,2,0,8,1,0,0,30,107,5.98,1.350,9.5,2.7,2.7,10.8,4.00
488,Aaron Wilkerson\wilkeaa01,30,MIL,NL,0,0,,6.35,2,0,1,0,0,0,5.2,11,4,4,0,1,0,6,0,0,0,27,73,1.54,2.118,17.5,0.0,1.6,9.5,6.00
489,Austen Williams\williau01,26,WSN,NL,0,0,,162.00,2,0,0,0,0,0,0.1,5,6,6,2,1,0,1,0,0,0,7,6,84.13,18.000,135.0,54.0,27.0,27.0,1.00
490,Taylor Williams\willita01,27,MIL,NL,0,1,.000,10.38,4,0,1,0,0,0,4.1,6,5,5,1,3,0,4,1,0,1,23,46,7.06,2.077,12.5,2.1,6.2,8.3,1.33
491,Trevor Williams\willitr01,27,PIT,NL,1,1,.500,2.59,5,5,0,0,0,0,31.1,24,10,9,2,6,0,21,3,0,0,125,164,3.48,0.957,6.9,0.6,1.7,6.0,3.50
492,Alex Wilson\wilsoal01,32,MIL,NL,1,1,.500,9.53,13,0,4,0,0,1,11.1,15,12,12,3,9,2,13,0,0,2,57,48,6.66,2.118,11.9,2.4,7.1,10.3,1.44
493,Bryse Wilson\wilsobr02,21,ATL,NL,0,0,,8.31,2,1,1,0,0,0,4.1,5,4,4,1,4,1,4,0,0,0,20,56,7.06,2.077,10.4,2.1,8.3,8.3,1.00
494,Justin Wilson*\wilsoju10,31,NYM,NL,1,1,.500,3.24,9,0,3,0,0,1,8.1,6,4,3,2,4,0,8,2,0,1,36,127,6.49,1.200,6.5,2.2,4.3,8.6,2.00
495,Trey Wingenter\wingetr01,25,SDP,NL,0,0,,3.00,13,0,2,0,0,1,12.0,5,4,4,1,7,0,15,1,0,1,47,141,3.72,1.000,3.8,0.8,5.3,11.3,2.14
496,Dan Winkler\winklda01,29,ATL,NL,0,0,,1.93,6,0,2,0,0,0,4.2,3,1,1,1,3,0,6,0,0,0,18,240,5.28,1.286,5.8,1.9,5.8,11.6,2.00
497,Matt Wisler\wislema01,26,SDP,NL,1,0,1.000,5.63,4,0,0,0,0,0,8.0,8,5,5,2,2,0,8,0,1,0,34,76,5.13,1.250,9.0,2.3,2.3,9.0,4.00
498,Nick Wittgren\wittgni01,28,CLE,AL,1,0,1.000,0.96,7,0,1,0,0,1,9.1,6,1,1,1,0,0,13,0,0,0,34,500,1.74,0.643,5.8,1.0,0.0,12.5,
499,Hunter Wood\woodhu01,25,TBR,AL,0,0,,0.00,3,1,1,0,0,1,6.0,6,0,0,0,1,0,6,0,0,0,24,,1.63,1.167,9.0,0.0,1.5,9.0,6.00
500,Brandon Woodruff\woodrbr01,26,MIL,NL,3,1,.750,5.17,6,6,0,0,0,0,31.1,36,18,18,4,10,0,38,3,1,1,139,86,3.61,1.468,10.3,1.1,2.9,10.9,3.80
501,Brandon Workman\workmbr01,30,BOS,AL,1,1,.500,2.25,13,0,0,0,0,0,12.0,2,3,3,0,10,0,17,0,0,0,45,211,2.80,1.000,1.5,0.0,7.5,12.8,1.70
502,Matt Wotherspoon\wothema01,27,BAL,AL,0,0,,13.50,1,0,1,0,0,0,2.0,4,3,3,1,1,0,0,0,0,0,10,39,11.13,2.500,18.0,4.5,4.5,0.0,0.00
503,Kyle Wright\wrighky01,23,ATL,NL,0,2,.000,7.07,3,3,0,0,0,0,14.0,15,11,11,4,10,1,11,1,0,1,65,62,7.63,1.786,9.6,2.6,6.4,7.1,1.10
504,Mike Wright\wrighmi01,29,TOT,AL,0,1,.000,8.80,11,0,4,0,0,1,15.1,23,15,15,5,9,0,17,2,0,2,78,53,7.31,2.087,13.5,2.9,5.3,10.0,1.89
505,Mike Wright\wrighmi01,29,BAL,AL,0,1,.000,9.45,10,0,4,0,0,1,13.1,20,14,14,5,7,0,14,1,0,1,66,49,7.71,2.025,13.5,3.4,4.7,9.5,2.00
506,Mike Wright\wrighmi01,29,SEA,AL,0,0,,4.50,1,0,0,0,0,0,2.0,3,1,1,0,2,0,3,1,0,1,12,111,4.63,2.500,13.5,0.0,9.0,13.5,1.50
507,Jimmy Yacabonis\yacabji01,27,BAL,AL,1,1,.500,6.32,10,0,1,0,0,0,15.2,18,11,11,4,7,0,6,1,0,1,70,73,7.22,1.596,10.3,2.3,4.0,3.4,0.86
508,Ryan Yarbrough*\yarbrry01,27,TBR,AL,2,1,.667,8.10,5,0,0,0,0,0,16.2,18,15,15,3,4,1,14,1,0,0,71,55,4.69,1.320,9.7,1.6,2.2,7.6,3.50
509,Kirby Yates\yateski01,32,SDP,NL,0,0,,0.60,15,0,14,0,0,13,15.0,10,1,1,0,5,0,23,1,0,0,59,699,1.27,1.000,6.0,0.0,3.0,13.8,4.60
510,Gabriel Ynoa\ynoaga01,26,BAL,AL,0,0,,1.69,3,0,1,0,0,0,5.1,6,1,1,1,0,0,3,0,0,0,22,285,4.45,1.125,10.1,1.7,0.0,5.1,
511,Daniel Zamora*\zamorda01,26,NYM,NL,0,0,,0.00,2,0,1,0,0,0,1.1,0,0,0,0,0,0,4,0,0,0,4,,-2.87,0.000,0.0,0.0,0.0,27.0,
512,Kyle Zimmer\zimmeky01,27,KCR,AL,0,1,.000,9.00,3,0,1,0,0,0,2.0,2,2,2,0,5,0,2,0,0,0,13,60,8.63,3.500,9.0,0.0,22.5,9.0,0.40
513,Jordan Zimmermann\zimmejo02,33,DET,AL,0,4,.000,5.93,6,6,0,0,0,0,30.1,30,21,20,6,11,1,21,0,0,1,128,79,5.41,1.352,8.9,1.8,3.3,6.2,1.91
,LgAvg per 180 IP,,,,10,10,.499,4.42,89,20,20,0,0,6,180,169,95,88,27,71,3,179,9,1,7,772,102,4.42,1.330,8.4,1.4,3.5,8.9,2.53